SL_NO,RESERVOIR,YEAR,WEEK_NO,FLOW_DATE,PRESENT_STORAGE_TMC,RES_LEVEL_FT,INFLOW_CUSECS,OUTFLOW_CUECS,UNIQUE_KEY
9,Bhadra,2014,1,01-JAN-2014,65.78,2153.33,355,205,Bhadra_2014_101-JAN-2014
10,Bhadra,2014,1,02-JAN-2014,65.75,2153.31,192,343,Bhadra_2014_102-JAN-2014
11,Bhadra,2014,1,03-JAN-2014,65.58,2153.16,148,1168,Bhadra_2014_103-JAN-2014
12,Bhadra,2014,1,04-JAN-2014,65.58,2153.16,148,1168,Bhadra_2014_104-JAN-2014
13,Bhadra,2014,1,05-JAN-2014,65.40,2153.02,272,55,Bhadra_2014_105-JAN-2014
14,Bhadra,2014,1,06-JAN-2014,65.20,2152.85,281,2435,Bhadra_2014_106-JAN-2014
15,Bhadra,2014,1,07-JAN-2014,64.95,2152.64,42,2787,Bhadra_2014_107-JAN-2014
23,Bhadra,2011,1,01-JAN-2011,71.54,2158,1363,1206,Bhadra_2011_101-JAN-2011
24,Bhadra,2011,1,02-JAN-2011,71.54,2158,1563,1206,Bhadra_2011_102-JAN-2011
25,Bhadra,2011,1,03-JAN-2011,71.54,2158,1363,1206,Bhadra_2011_103-JAN-2011
26,Bhadra,2011,1,04-JAN-2011,71.54,2158,1363,1206,Bhadra_2011_104-JAN-2011
27,Bhadra,2011,1,05-JAN-2011,71.54,2158,785,628,Bhadra_2011_105-JAN-2011
28,Bhadra,2011,1,06-JAN-2011,71.54,2158,294,137,Bhadra_2011_106-JAN-2011
29,Bhadra,2011,1,07-JAN-2011,71.54,2158,1448,1291,Bhadra_2011_107-JAN-2011
107,Bhadra,2011,2,08-JAN-2011,71.48,2157.95,1528,1973,Bhadra_2011_208-JAN-2011
108,Bhadra,2011,2,09-JAN-2011,71.40,2157.89,1227,1985,Bhadra_2011_209-JAN-2011
109,Bhadra,2011,2,10-JAN-2011,71.27,2157.79,625,1985,Bhadra_2011_210-JAN-2011
110,Bhadra,2011,2,11-JAN-2011,71.17,2157.70,1038,2085,Bhadra_2011_211-JAN-2011
111,Bhadra,2011,2,12-JAN-2011,71.04,2157.60,725,2085,Bhadra_2011_212-JAN-2011
112,Bhadra,2011,2,13-JAN-2011,70.83,2157.43,290,2565,Bhadra_2011_213-JAN-2011
113,Bhadra,2011,2,14-JAN-2011,70.59,2157.25,321,2885,Bhadra_2011_214-JAN-2011
191,Bhadra,2011,3,15-JAN-2011,70.33,2157.04,208,3085,Bhadra_2011_315-JAN-2011
192,Bhadra,2011,3,16-JAN-2011,70.12,2156.87,833,3085,Bhadra_2011_316-JAN-2011
193,Bhadra,2011,3,17-JAN-2011,69.86,2156.66,242,3085,Bhadra_2011_317-JAN-2011
194,Bhadra,2011,3,18-JAN-2011,69.63,2156.47,543,3085,Bhadra_2011_318-JAN-2011
195,Bhadra,2011,3,19-JAN-2011,69.40,2156.29,542,3085,Bhadra_2011_319-JAN-2011
196,Bhadra,2011,3,20-JAN-2011,69.14,2156.08,241,3085,Bhadra_2011_320-JAN-2011
197,Bhadra,2011,3,21-JAN-2011,68.91,2155.89,553,3085,Bhadra_2011_321-JAN-2011
277,Bhadra,2011,4,22-JAN-2011,68.65,2155.68,264,3085,Bhadra_2011_422-JAN-2011
278,Bhadra,2011,4,23-JAN-2011,68.39,2155.47,263,3085,Bhadra_2011_423-JAN-2011
279,Bhadra,2011,4,24-JAN-2011,68.14,2155.27,275,3085,Bhadra_2011_424-JAN-2011
280,Bhadra,2011,4,25-JAN-2011,67.88,2155.08,263,3085,Bhadra_2011_425-JAN-2011
281,Bhadra,2011,4,26-JAN-2011,67.63,2154.85,286,3085,Bhadra_2011_426-JAN-2011
282,Bhadra,2011,4,27-JAN-2011,67.32,2154.60,102,3480,Bhadra_2011_427-JAN-2011
283,Bhadra,2011,4,28-JAN-2011,67.09,2154.41,586,3085,Bhadra_2011_428-JAN-2011
368,Bhadra,2011,5,29-JAN-2011,66.81,2154.18,52,3130,Bhadra_2011_529-JAN-2011
369,Bhadra,2011,5,30-JAN-2011,66.51,2153.93,51,3430,Bhadra_2011_530-JAN-2011
370,Bhadra,2011,5,31-JAN-2011,66.26,2153.72,330,3085,Bhadra_2011_531-JAN-2011
371,Bhadra,2011,5,01-FEB-2011,65.98,2153.50,29,3085,Bhadra_2011_501-FEB-2011
372,Bhadra,2011,5,02-FEB-2011,65.68,2153.25,51,3380,Bhadra_2011_502-FEB-2011
373,Bhadra,2011,5,03-FEB-2011,65.40,2153.02,153,3193,Bhadra_2011_503-FEB-2011
374,Bhadra,2011,5,04-FEB-2011,65.10,2152.77,285,3580,Bhadra_2011_504-FEB-2011
459,Bhadra,2011,6,05-FEB-2011,64.78,2152.50,25,3610,Bhadra_2011_605-FEB-2011
460,Bhadra,2011,6,06-FEB-2011,64.45,2152.22,24,3618,Bhadra_2011_606-FEB-2011
461,Bhadra,2011,6,07-FEB-2011,64.15,2151.97,83,3380,Bhadra_2011_607-FEB-2011
462,Bhadra,2011,6,08-FEB-2011,63.86,2151.72,68,3330,Bhadra_2011_608-FEB-2011
463,Bhadra,2011,6,09-FEB-2011,63.56,2151.47,217,3480,Bhadra_2011_609-FEB-2011
464,Bhadra,2011,6,10-FEB-2011,63.24,2151.20,39,3580,Bhadra_2011_610-FEB-2011
465,Bhadra,2011,6,11-FEB-2011,62.92,2150.93,39,3580,Bhadra_2011_611-FEB-2011
550,Bhadra,2011,7,12-FEB-2011,62.60,2150.66,61,3580,Bhadra_2011_712-FEB-2011
551,Bhadra,2011,7,13-FEB-2011,62.29,2150.89,72,3580,Bhadra_2011_713-FEB-2011
552,Bhadra,2011,7,14-FEB-2011,61.97,2150.12,60,3580,Bhadra_2011_714-FEB-2011
553,Bhadra,2011,7,15-FEB-2011,61.65,2149.85,95,3580,Bhadra_2011_715-FEB-2011
554,Bhadra,2011,7,16-FEB-2011,61.34,2149.58,36,3440,Bhadra_2011_716-FEB-2011
555,Bhadra,2011,7,17-FEB-2011,61.05,2149.33,43,3240,Bhadra_2011_717-FEB-2011
556,Bhadra,2011,7,18-FEB-2011,60.76,2149.08,43,3240,Bhadra_2011_718-FEB-2011
641,Bhadra,2011,8,19-FEB-2011,60.47,2148.83,65,3240,Bhadra_2011_819-FEB-2011
642,Bhadra,2011,8,20-FEB-2011,60.19,2148.58,77,3240,Bhadra_2011_820-FEB-2011
643,Bhadra,2011,8,21-FEB-2011,59.90,2148.33,76,3240,Bhadra_2011_821-FEB-2011
644,Bhadra,2011,8,22-FEB-2011,59.59,2148.06,23,3465,Bhadra_2011_822-FEB-2011
645,Bhadra,2011,8,23-FEB-2011,59.28,2147.79,57,3465,Bhadra_2011_823-FEB-2011
646,Bhadra,2011,8,24-FEB-2011,58.97,2147.52,22,3430,Bhadra_2011_824-FEB-2011
647,Bhadra,2011,8,25-FEB-2011,58.66,2147.25,33,3430,Bhadra_2011_825-FEB-2011
732,Bhadra,2011,9,26-FEB-2011,58.36,2146.97,33,3430,Bhadra_2011_926-FEB-2011
733,Bhadra,2011,9,27-FEB-2011,58.05,2146.70,55,3430,Bhadra_2011_927-FEB-2011
734,Bhadra,2011,9,28-FEB-2011,57.77,2146.45,99,3185,Bhadra_2011_928-FEB-2011
735,Bhadra,2011,9,01-MAR-2011,56.93,2145.70,40,3085,Bhadra_2011_901-MAR-2011
736,Bhadra,2011,9,02-MAR-2011,57.21,2145.95,96,3163,Bhadra_2011_902-MAR-2011
737,Bhadra,2011,9,03-MAR-2011,56.93,2145.70,40,3085,Bhadra_2011_903-MAR-2011
738,Bhadra,2011,9,04-MAR-2011,56.66,2145.45,40,3085,Bhadra_2011_904-MAR-2011
823,Bhadra,2011,10,05-MAR-2011,56.38,2145.21,39,3085,Bhadra_2011_1005-MAR-2011
824,Bhadra,2011,10,06-MAR-2011,56.10,2144.95,51,3085,Bhadra_2011_1006-MAR-2011
825,Bhadra,2011,10,07-MAR-2011,55.83,2144.70,73,3085,Bhadra_2011_1007-MAR-2011
826,Bhadra,2011,10,08-MAR-2011,55.55,2144.45,84,3085,Bhadra_2011_1008-MAR-2011
827,Bhadra,2011,10,09-MAR-2011,55.28,2144.20,72,3085,Bhadra_2011_1009-MAR-2011
828,Bhadra,2011,10,10-MAR-2011,55,2143.95,83,3085,Bhadra_2011_1010-MAR-2011
829,Bhadra,2011,10,11-MAR-2011,54.73,2143.70,106,3085,Bhadra_2011_1011-MAR-2011
914,Bhadra,2011,11,12-MAR-2011,54.46,2343.45,117,3085,Bhadra_2011_1112-MAR-2011
915,Bhadra,2011,11,13-MAR-2011,54.19,2143.20,105,3085,Bhadra_2011_1113-MAR-2011
916,Bhadra,2011,11,14-MAR-2011,53.92,2142.95,116,3085,Bhadra_2011_1114-MAR-2011
917,Bhadra,2011,11,15-MAR-2011,53.65,2142.70,150,3085,Bhadra_2011_1115-MAR-2011
918,Bhadra,2011,11,16-MAR-2011,53.36,2142.43,40,3230,Bhadra_2011_1116-MAR-2011
919,Bhadra,2011,11,17-MAR-2011,53.07,2142.16,39,3230,Bhadra_2011_1117-MAR-2011
920,Bhadra,2011,11,18-MAR-2011,52.78,2141.89,50,3230,Bhadra_2011_1118-MAR-2011
1005,Bhadra,2011,12,19-MAR-2011,52.49,2141.62,23,3180,Bhadra_2011_1219-MAR-2011
1006,Bhadra,2011,12,20-MAR-2011,52.21,2141.35,22,3180,Bhadra_2011_1220-MAR-2011
1007,Bhadra,2011,12,21-MAR-2011,51.90,2141.06,17,3430,Bhadra_2011_1221-MAR-2011
1008,Bhadra,2011,12,22-MAR-2011,51.57,2140.75,58,3680,Bhadra_2011_1222-MAR-2011
1009,Bhadra,2011,12,23-MAR-2011,51.24,2140.43,58,3680,Bhadra_2011_1223-MAR-2011
1010,Bhadra,2011,12,24-MAR-2011,50.92,2140.12,44,3655,Bhadra_2011_1224-MAR-2011
1011,Bhadra,2011,12,25-MAR-2011,50.59,2139.81,16,3605,Bhadra_2011_1225-MAR-2011
1096,Bhadra,2011,13,26-MAR-2011,50.27,2139.50,27,3605,Bhadra_2011_1326-MAR-2011
1097,Bhadra,2011,13,27-MAR-2011,49.93,2139.16,8,3830,Bhadra_2011_1327-MAR-2011
1098,Bhadra,2011,13,28-MAR-2011,49.58,2138.89,31,3830,Bhadra_2011_1328-MAR-2011
1099,Bhadra,2011,13,29-MAR-2011,49.22,2138.49,72,4080,Bhadra_2011_1329-MAR-2011
1100,Bhadra,2011,13,31-MAR-2011,48.51,2137.77,30,4005,Bhadra_2011_1331-MAR-2011
1101,Bhadra,2011,13,01-APR-2011,48.09,2137.35,36,4730,Bhadra_2011_1301-APR-2011
1102,Bhadra,2011,13,30-MAR-2011,48.86,2138.12,59,4080,Bhadra_2011_1330-MAR-2011
1187,Bhadra,2011,14,02-APR-2011,47.67,2136.93,17,4630,Bhadra_2011_1402-APR-2011
1188,Bhadra,2011,14,03-APR-2011,47.26,2136.52,23,4580,Bhadra_2011_1403-APR-2011
1189,Bhadra,2011,14,04-APR-2011,46.84,2136.10,22,4580,Bhadra_2011_1404-APR-2011
1190,Bhadra,2011,14,05-APR-2011,46.43,2135.68,29,4530,Bhadra_2011_1405-APR-2011
1191,Bhadra,2011,14,06-APR-2011,45.99,2135.22,31,4997,Bhadra_2011_1406-APR-2011
1192,Bhadra,2011,14,07-APR-2011,45.52,2134.75,16,5180,Bhadra_2011_1407-APR-2011
1193,Bhadra,2011,14,08-APR-2011,45.06,2134.27,11,5130,Bhadra_2011_1408-APR-2011
1278,Bhadra,2011,15,09-APR-2011,44.60,2133.79,33,5130,Bhadra_2011_1509-APR-2011
1279,Bhadra,2011,15,10-APR-2011,44.28,2133.45,25,3480,Bhadra_2011_1510-APR-2011
1280,Bhadra,2011,15,11-APR-2011,43.97,2133.12,36,3480,Bhadra_2011_1511-APR-2011
1281,Bhadra,2011,15,12-APR-2011,43.65,2132.79,58,3480,Bhadra_2011_1512-APR-2011
1282,Bhadra,2011,15,13-APR-2011,43.34,2132.45,30,3641,Bhadra_2011_1513-APR-2011
1283,Bhadra,2011,15,14-APR-2011,43.03,2132.12,29,3430,Bhadra_2011_1514-APR-2011
1284,Bhadra,2011,15,15-APR-2011,42.72,2131.99,13,3380,Bhadra_2011_1515-APR-2011
1369,Bhadra,2011,16,16-APR-2011,42.41,2135.45,23,3380,Bhadra_2011_1616-APR-2011
1370,Bhadra,2011,16,17-APR-2011,42.11,2131.06,22,3380,Bhadra_2011_1617-APR-2011
1371,Bhadra,2011,16,18-APR-2011,41.80,2130.79,17,3330,Bhadra_2011_1618-APR-2011
1372,Bhadra,2011,16,19-APR-2011,41.50,2130.45,28,3330,Bhadra_2011_1619-APR-2011
1373,Bhadra,2011,16,20-APR-2011,41.20,2130.12,27,3330,Bhadra_2011_1620-APR-2011
1374,Bhadra,2011,16,21-APR-2011,40.89,2129.79,49,3330,Bhadra_2011_1621-APR-2011
1375,Bhadra,2011,16,22-APR-2011,40.60,2129.45,49,3296,Bhadra_2011_1622-APR-2011
1460,Bhadra,2011,17,23-APR-2011,40.30,2129.12,70,3330,Bhadra_2011_1723-APR-2011
1461,Bhadra,2011,17,24-APR-2011,40,2129.14,54,3480,Bhadra_2011_1724-APR-2011
1462,Bhadra,2011,17,25-APR-2011,39.69,2128.43,18,3430,Bhadra_2011_1725-APR-2011
1463,Bhadra,2011,17,26-APR-2011,39.38,2128.08,16,3430,Bhadra_2011_1726-APR-2011
1464,Bhadra,2011,17,27-APR-2011,39.07,2127.72,50,3430,Bhadra_2011_1727-APR-2011
1465,Bhadra,2011,17,28-APR-2011,38.76,2127.37,61,3430,Bhadra_2011_1728-APR-2011
1466,Bhadra,2011,17,29-APR-2011,38.45,2127.02,21,3380,Bhadra_2011_1729-APR-2011
1551,Bhadra,2011,18,30-APR-2011,38.15,2126.66,66,3380,Bhadra_2011_1830-APR-2011
1552,Bhadra,2011,18,01-MAY-2011,37.85,2126.31,27,3060,Bhadra_2011_1801-MAY-2011
1553,Bhadra,2011,18,02-MAY-2011,37.55,2125.95,43,3380,Bhadra_2011_1802-MAY-2011
1554,Bhadra,2011,18,03-MAY-2011,37.25,2125.60,38,3330,Bhadra_2011_1803-MAY-2011
1555,Bhadra,2011,18,04-MAY-2011,36.95,2125.25,37,3330,Bhadra_2011_1804-MAY-2011
1556,Bhadra,2011,18,05-MAY-2011,36.65,2124.89,60,3330,Bhadra_2011_1805-MAY-2011
1557,Bhadra,2011,18,06-MAY-2011,36.34,2124.52,27,3455,Bhadra_2011_1806-MAY-2011
1642,Bhadra,2011,19,07-MAY-2011,36.03,2124.14,21,3455,Bhadra_2011_1907-MAY-2011
1643,Bhadra,2011,19,08-MAY-2011,35.73,2124.77,18,3430,Bhadra_2011_1908-MAY-2011
1644,Bhadra,2011,19,09-MAY-2011,35.42,2123.39,52,3430,Bhadra_2011_1909-MAY-2011
1645,Bhadra,2011,19,10-MAY-2011,35.12,2123.02,39,3430,Bhadra_2011_1910-MAY-2011
1646,Bhadra,2011,19,11-MAY-2011,34.81,2122.64,47,3380,Bhadra_2011_1911-MAY-2011
1647,Bhadra,2011,19,12-MAY-2011,34.51,2122.27,34,3380,Bhadra_2011_1912-MAY-2011
1648,Bhadra,2011,19,13-MAY-2011,34.21,2121.89,67,3380,Bhadra_2011_1913-MAY-2011
1733,Bhadra,2011,20,14-MAY-2011,33.92,2121.52,38,3330,Bhadra_2011_2014-MAY-2011
1734,Bhadra,2011,20,15-MAY-2011,33.62,2121.30,38,3475,Bhadra_2011_2015-MAY-2011
1735,Bhadra,2011,20,16-MAY-2011,33.31,2120.75,25,3480,Bhadra_2011_2016-MAY-2011
1736,Bhadra,2011,20,17-MAY-2011,33,2120.35,47,3480,Bhadra_2011_2017-MAY-2011
1737,Bhadra,2011,20,18-MAY-2011,32.69,2119.95,46,3480,Bhadra_2011_2018-MAY-2011
1738,Bhadra,2011,20,19-MAY-2011,32.39,2119.56,43,3430,Bhadra_2011_2019-MAY-2011
1739,Bhadra,2011,20,20-MAY-2011,32.08,2119.16,41,3430,Bhadra_2011_2020-MAY-2011
1824,Bhadra,2011,21,21-MAY-2011,31.78,2118.77,25,3380,Bhadra_2011_2121-MAY-2011
1825,Bhadra,2011,21,22-MAY-2011,31.48,2118.37,47,3380,Bhadra_2011_2122-MAY-2011
1826,Bhadra,2011,21,23-MAY-2011,31.19,2118,31,3180,Bhadra_2011_2123-MAY-2011
1827,Bhadra,2011,21,24-MAY-2011,30.90,2117.60,53,3330,Bhadra_2011_2124-MAY-2011
1828,Bhadra,2011,21,25-MAY-2011,30.60,2117.20,41,3330,Bhadra_2011_2125-MAY-2011
1829,Bhadra,2011,21,26-MAY-2011,30.31,2116.81,25,3280,Bhadra_2011_2126-MAY-2011
1830,Bhadra,2011,21,27-MAY-2011,30.02,2116.41,47,3280,Bhadra_2011_2127-MAY-2011
1912,Bhadra,2011,22,28-MAY-2011,29.71,2116,23,3430,Bhadra_2011_2228-MAY-2011
1913,Bhadra,2011,22,29-MAY-2011,29.41,2115.58,18,3380,Bhadra_2011_2229-MAY-2011
1914,Bhadra,2011,22,30-MAY-2011,29.41,2115.58,18,3380,Bhadra_2011_2230-MAY-2011
1915,Bhadra,2011,22,31-MAY-2011,28.83,2114.77,29,3173,Bhadra_2011_2231-MAY-2011
1970,Bhadra,2011,23,01-JUN-2011,28.75,2114.60,27,764,Bhadra_2011_2301-JUN-2011
1971,Bhadra,2011,23,02-JUN-2011,28.78,2114.70,470,55,Bhadra_2011_2302-JUN-2011
1972,Bhadra,2011,23,03-JUN-2011,28.81,2114.75,470,55,Bhadra_2011_2303-JUN-2011
1973,Bhadra,2011,23,04-JUN-2011,28.90,2114.47,1153,55,Bhadra_2011_2304-JUN-2011
1974,Bhadra,2011,23,05-JUN-2011,28.96,2114.95,806,55,Bhadra_2011_2305-JUN-2011
1975,Bhadra,2011,23,06-JUN-2011,29.17,2115.25,2554,55,Bhadra_2011_2306-JUN-2011
1976,Bhadra,2011,23,07-JUN-2011,29.44,2115.62,3260,55,Bhadra_2011_2307-JUN-2011
1977,Bhadra,2011,23,08-JUN-2011,29.68,2115.95,2925,55,Bhadra_2011_2308-JUN-2011
1978,Bhadra,2011,23,09-JUN-2011,31.01,2116.41,4013,55,Bhadra_2011_2309-JUN-2011
1979,Bhadra,2011,23,10-JUN-2011,30.33,2116.83,3678,55,Bhadra_2011_2310-JUN-2011
2097,Bhadra,2011,24,11-JUN-2011,30.82,2117.50,5854,55,Bhadra_2011_2411-JUN-2011
2098,Bhadra,2011,24,12-JUN-2011,31.19,2118.20,4443,126,Bhadra_2011_2412-JUN-2011
2099,Bhadra,2011,24,13-JUN-2011,31.70,2118.66,5971,55,Bhadra_2011_2413-JUN-2011
2100,Bhadra,2011,24,14-JUN-2011,32.14,2119.25,5278,55,Bhadra_2011_2414-JUN-2011
2101,Bhadra,2011,24,15-JUN-2011,33.37,2120.83,6911,55,Bhadra_2011_2415-JUN-2011
2102,Bhadra,2011,24,16-JUN-2011,33.37,2120.83,6911,55,Bhadra_2011_2416-JUN-2011
2103,Bhadra,2011,24,17-JUN-2011,33.77,2121.31,4690,55,Bhadra_2011_2417-JUN-2011
2188,Bhadra,2011,25,18-JUN-2011,34.10,2121.75,3950,55,Bhadra_2011_2518-JUN-2011
2189,Bhadra,2011,25,19-JUN-2011,34.56,2122.33,5525,55,Bhadra_2011_2519-JUN-2011
2190,Bhadra,2011,25,20-JUN-2011,34.90,2122.75,3998,55,Bhadra_2011_2520-JUN-2011
2191,Bhadra,2011,25,21-JUN-2011,35.17,2123.08,3246,55,Bhadra_2011_2521-JUN-2011
2192,Bhadra,2011,25,22-JUN-2011,35.23,2123.16,920,55,Bhadra_2011_2522-JUN-2011
2193,Bhadra,2011,25,23-JUN-2011,35.44,2123.41,2494,55,Bhadra_2011_2523-JUN-2011
2194,Bhadra,2011,25,24-JUN-2011,36.05,2124.16,7229,55,Bhadra_2011_2524-JUN-2011
2279,Bhadra,2011,26,25-JUN-2011,36.67,2124.91,7311,55,Bhadra_2011_2625-JUN-2011
2280,Bhadra,2011,26,26-JUN-2011,37.44,2125.93,948,55,Bhadra_2011_2626-JUN-2011
2281,Bhadra,2011,26,27-JUN-2011,38.36,2126.61,10820,55,Bhadra_2011_2627-JUN-2011
2282,Bhadra,2011,26,28-JUN-2011,39.38,2128.08,11863,55,Bhadra_2011_2628-JUN-2011
2283,Bhadra,2011,26,29-JUN-2011,40.71,2129.58,15545,55,Bhadra_2011_2629-JUN-2011
2284,Bhadra,2011,26,30-JUN-2011,41.23,2130.16,6218,55,Bhadra_2011_2630-JUN-2011
2285,Bhadra,2011,26,01-JUL-2011,41.54,2130.50,3649,55,Bhadra_2011_2601-JUL-2011
2370,Bhadra,2011,27,02-JUL-2011,41.84,2130.83,3847,255,Bhadra_2011_2702-JUL-2011
2371,Bhadra,2011,27,03-JUL-2011,42.07,2131.08,3419,695,Bhadra_2011_2703-JUL-2011
2372,Bhadra,2011,27,04-JUL-2011,42.22,2131.25,3178,1310,Bhadra_2011_2704-JUL-2011
2373,Bhadra,2011,27,05-JUL-2011,42.24,2131.31,2490,2185,Bhadra_2011_2705-JUL-2011
2374,Bhadra,2011,27,06-JUL-2011,42.24,2131.31,2520,2435,Bhadra_2011_2706-JUL-2011
2375,Bhadra,2011,27,07-JUL-2011,42.38,2131.41,4083,2435,Bhadra_2011_2707-JUL-2011
2376,Bhadra,2011,27,08-JUL-2011,42.49,2131.54,3302,1885,Bhadra_2011_2708-JUL-2011
2461,Bhadra,2011,28,09-JUL-2011,42.57,2131.62,2712,1735,Bhadra_2011_2809-JUL-2011
2462,Bhadra,2011,28,10-JUL-2011,42.61,2131.66,2411,1885,Bhadra_2011_2810-JUL-2011
2463,Bhadra,2011,28,11-JUL-2011,42.61,2131.66,2575,2489,Bhadra_2011_2811-JUL-2011
2464,Bhadra,2011,28,12-JUL-2011,42.53,2131.58,2063,2868,Bhadra_2011_2812-JUL-2011
2465,Bhadra,2011,28,13-JUL-2011,42.45,2131.50,2179,2985,Bhadra_2011_2813-JUL-2011
2466,Bhadra,2011,28,14-JUL-2011,42.49,2131.54,3197,2660,Bhadra_2011_2814-JUL-2011
2467,Bhadra,2011,28,15-JUL-2011,42.64,2131.70,3953,2085,Bhadra_2011_2815-JUL-2011
2545,Bhadra,2011,29,16-JUL-2011,43.07,2132.16,6840,1835,Bhadra_2011_2916-JUL-2011
2546,Bhadra,2011,29,17-JUL-2011,44.44,2133.62,17825,1835,Bhadra_2011_2917-JUL-2011
2547,Bhadra,2011,29,18-JUL-2011,47.11,2136.37,32699,1730,Bhadra_2011_2918-JUL-2011
2548,Bhadra,2011,29,19-JUL-2011,49.07,2138.33,24368,1555,Bhadra_2011_2919-JUL-2011
2549,Bhadra,2011,29,20-JUL-2011,51,2140.20,23977,1555,Bhadra_2011_2920-JUL-2011
2550,Bhadra,2011,29,21-JUL-2011,52.07,2141.22,14373,1892,Bhadra_2011_2921-JUL-2011
2551,Bhadra,2011,29,22-JUL-2011,53.07,2142.16,14087,2472,Bhadra_2011_2922-JUL-2011
2636,Bhadra,2011,30,23-JUL-2011,53.69,2142.75,10088,2755,Bhadra_2011_3023-JUL-2011
2637,Bhadra,2011,30,24-JUL-2011,54.57,2143.56,13142,2868,Bhadra_2011_3024-JUL-2011
2638,Bhadra,2011,30,25-JUL-2011,55.64,2144.54,15425,2935,Bhadra_2011_3025-JUL-2011
2639,Bhadra,2011,30,26-JUL-2011,56.26,2145.10,10363,3085,Bhadra_2011_3026-JUL-2011
2640,Bhadra,2011,30,27-JUL-2011,56.70,2145.50,8269,3085,Bhadra_2011_3027-JUL-2011
2641,Bhadra,2011,30,28-JUL-2011,56.93,2145.70,5873,3085,Bhadra_2011_3028-JUL-2011
2642,Bhadra,2011,30,29-JUL-2011,57.12,2145.87,5330,3085,Bhadra_2011_3029-JUL-2011
2727,Bhadra,2011,31,30-JUL-2011,57.40,2146.12,6418,3085,Bhadra_2011_3130-JUL-2011
2728,Bhadra,2011,31,31-JUL-2011,57.77,2146.45,7529,3085,Bhadra_2011_3131-JUL-2011
2729,Bhadra,2011,31,01-AUG-2011,58.05,2146.70,6430,3085,Bhadra_2011_3101-AUG-2011
2730,Bhadra,2011,31,02-AUG-2011,58.22,2146.85,5088,3085,Bhadra_2011_3102-AUG-2011
2731,Bhadra,2011,31,03-AUG-2011,59.16,2147.68,14070,3085,Bhadra_2011_3103-AUG-2011
2732,Bhadra,2011,31,04-AUG-2011,60.04,2148.45,13172,2869,Bhadra_2011_3104-AUG-2011
2733,Bhadra,2011,31,05-AUG-2011,61,2149.29,14048,2830,Bhadra_2011_3105-AUG-2011
2818,Bhadra,2011,32,06-AUG-2011,62.26,2150.37,17533,2830,Bhadra_2011_3206-AUG-2011
2819,Bhadra,2011,32,07-AUG-2011,63.44,2151.37,16562,2830,Bhadra_2011_3207-AUG-2011
2820,Bhadra,2011,32,08-AUG-2011,64.73,2152.45,17848,2830,Bhadra_2011_3208-AUG-2011
2821,Bhadra,2011,32,09-AUG-2011,65.78,2153.33,15106,2830,Bhadra_2011_3209-AUG-2011
2822,Bhadra,2011,32,10-AUG-2011,66.56,2153.97,12106,2966,Bhadra_2011_3210-AUG-2011
2823,Bhadra,2011,32,11-AUG-2011,67.04,2154.37,8722,3030,Bhadra_2011_3211-AUG-2011
2824,Bhadra,2011,32,12-AUG-2011,67.70,2154.94,10794,3030,Bhadra_2011_3212-AUG-2011
2909,Bhadra,2011,33,13-AUG-2011,68.39,2155.48,11153,3030,Bhadra_2011_3313-AUG-2011
2910,Bhadra,2011,33,14-AUG-2011,68.83,2155.83,8202,3030,Bhadra_2011_3314-AUG-2011
2911,Bhadra,2011,33,15-AUG-2011,69.22,2156.14,7613,3030,Bhadra_2011_3315-AUG-2011
2912,Bhadra,2011,33,16-AUG-2011,69.40,2156.29,5177,2955,Bhadra_2011_3316-AUG-2011
2913,Bhadra,2011,33,17-AUG-2011,69.66,2156.50,6134,3021,Bhadra_2011_3317-AUG-2011
2914,Bhadra,2011,33,18-AUG-2011,69.76,2156.58,6404,3085,Bhadra_2011_3318-AUG-2011
2915,Bhadra,2011,33,19-AUG-2011,69.97,2156.75,5597,3085,Bhadra_2011_3319-AUG-2011
3000,Bhadra,2011,34,20-AUG-2011,70.10,2156.85,4706,3085,Bhadra_2011_3420-AUG-2011
3001,Bhadra,2011,34,21-AUG-2011,70.28,2157,5296,3085,Bhadra_2011_3421-AUG-2011
3002,Bhadra,2011,34,22-AUG-2011,70.59,2157.25,6836,3085,Bhadra_2011_3422-AUG-2011
3003,Bhadra,2011,34,23-AUG-2011,70.70,2157.33,4217,2885,Bhadra_2011_3423-AUG-2011
3004,Bhadra,2011,34,24-AUG-2011,70.88,2157.47,5145,2910,Bhadra_2011_3424-AUG-2011
3005,Bhadra,2011,34,25-AUG-2011,71.01,2157.58,4568,2935,Bhadra_2011_3425-AUG-2011
3006,Bhadra,2011,34,26-AUG-2011,71.17,2157.70,4919,2985,Bhadra_2011_3426-AUG-2011
3091,Bhadra,2011,35,27-AUG-2011,71.25,2157.77,4005,2985,Bhadra_2011_3527-AUG-2011
3092,Bhadra,2011,35,28-AUG-2011,71.48,2157.95,5834,2985,Bhadra_2011_3528-AUG-2011
3093,Bhadra,2011,35,29-AUG-2011,71.54,2158,4577,3858,Bhadra_2011_3529-AUG-2011
3094,Bhadra,2011,35,30-AUG-2011,71.54,2158,8766,8649,Bhadra_2011_3530-AUG-2011
3095,Bhadra,2011,35,31-AUG-2011,71.43,2157.92,17368,18466,Bhadra_2011_3531-AUG-2011
3096,Bhadra,2011,35,01-SEP-2011,71.35,2157.85,18970,19756,Bhadra_2011_3501-SEP-2011
3097,Bhadra,2011,35,02-SEP-2011,71.06,2157.62,32617,35830,Bhadra_2011_3502-SEP-2011
3154,Bhadra,2011,36,03-SEP-2011,70.93,2157.52,28103,29499,Bhadra_2011_3603-SEP-2011
3155,Bhadra,2011,36,04-SEP-2011,70.80,2157.41,26264,27780,Bhadra_2011_3604-SEP-2011
3156,Bhadra,2011,36,05-SEP-2011,70.93,2157.52,17184,15547,Bhadra_2011_3605-SEP-2011
3157,Bhadra,2011,36,06-SEP-2011,71.09,2157.64,11377,9439,Bhadra_2011_3606-SEP-2011
3158,Bhadra,2011,36,07-SEP-2011,71.09,2157.64,9673,9552,Bhadra_2011_3607-SEP-2011
3159,Bhadra,2011,36,08-SEP-2011,71.01,2157.58,8770,9552,Bhadra_2011_3608-SEP-2011
3160,Bhadra,2011,36,09-SEP-2011,70.91,2157.50,8458,9552,Bhadra_2011_3609-SEP-2011
3245,Bhadra,2011,37,10-SEP-2011,70.91,2157.50,9673,9552,Bhadra_2011_3710-SEP-2011
3246,Bhadra,2011,37,11-SEP-2011,70.91,2157.50,5799,5749,Bhadra_2011_3711-SEP-2011
3247,Bhadra,2011,37,12-SEP-2011,70.99,2157.56,5675,4651,Bhadra_2011_3712-SEP-2011
3248,Bhadra,2011,37,13-SEP-2011,71.09,2157.64,5987,4651,Bhadra_2011_3713-SEP-2011
3249,Bhadra,2011,37,14-SEP-2011,71.14,2157.68,5374,4651,Bhadra_2011_3714-SEP-2011
3250,Bhadra,2011,37,15-SEP-2011,71.35,2157.85,7203,4651,Bhadra_2011_3715-SEP-2011
3251,Bhadra,2011,37,16-SEP-2011,71.54,2158,10808,8569,Bhadra_2011_3716-SEP-2011
3341,Bhadra,2011,38,17-SEP-2011,71.01,2157.58,11738,17670,Bhadra_2011_3817-SEP-2011
3342,Bhadra,2011,38,18-SEP-2011,70.83,2157.43,8406,8285,Bhadra_2011_3818-SEP-2011
3343,Bhadra,2011,38,19-SEP-2011,70.78,2157.39,4757,5238,Bhadra_2011_3819-SEP-2011
3344,Bhadra,2011,38,20-SEP-2011,70.86,2157.45,5686,4651,Bhadra_2011_3820-SEP-2011
3345,Bhadra,2011,38,21-SEP-2011,70.86,2157.45,4907,4786,Bhadra_2011_3821-SEP-2011
3346,Bhadra,2011,38,22-SEP-2011,70.88,2157.48,5253,4831,Bhadra_2011_3822-SEP-2011
3347,Bhadra,2011,38,23-SEP-2011,70.88,2157.48,4295,4174,Bhadra_2011_3823-SEP-2011
3439,Bhadra,2011,39,24-SEP-2011,70.88,2157.48,3206,3085,Bhadra_2011_3924-SEP-2011
3440,Bhadra,2011,39,25-SEP-2011,70.88,2157.48,3206,3085,Bhadra_2011_3925-SEP-2011
3441,Bhadra,2011,39,26-SEP-2011,70.86,2157.45,2905,3085,Bhadra_2011_3926-SEP-2011
3442,Bhadra,2011,39,27-SEP-2011,70.78,2157.39,2291,3085,Bhadra_2011_3927-SEP-2011
3443,Bhadra,2011,39,28-SEP-2011,70.70,2157.33,2303,3085,Bhadra_2011_3928-SEP-2011
3444,Bhadra,2011,39,29-SEP-2011,70.59,2157.25,1990,3085,Bhadra_2011_3929-SEP-2011
3445,Bhadra,2011,39,30-SEP-2011,70.49,2157.16,1990,3085,Bhadra_2011_3930-SEP-2011
3537,Bhadra,2011,40,01-OCT-2011,70.44,2157.12,2604,3085,Bhadra_2011_4001-OCT-2011
3538,Bhadra,2011,40,02-OCT-2011,70.38,2157.08,2638,3085,Bhadra_2011_4002-OCT-2011
3539,Bhadra,2011,40,03-OCT-2011,70.33,2157.04,2627,3085,Bhadra_2011_4003-OCT-2011
3540,Bhadra,2011,40,04-OCT-2011,70.28,2157,2638,3085,Bhadra_2011_4004-OCT-2011
3541,Bhadra,2011,40,05-OCT-2011,70.15,2156.89,1735,3085,Bhadra_2011_4005-OCT-2011
3542,Bhadra,2011,40,06-OCT-2011,70.02,2156.79,1747,3085,Bhadra_2011_4006-OCT-2011
3543,Bhadra,2011,40,07-OCT-2011,69.86,2158.66,1434,3085,Bhadra_2011_4007-OCT-2011
3628,Bhadra,2011,41,08-OCT-2011,69.71,2156.54,1445,3085,Bhadra_2011_4108-OCT-2011
3629,Bhadra,2011,41,09-OCT-2011,69.53,2156.39,1133,3239,Bhadra_2011_4109-OCT-2011
3630,Bhadra,2011,41,10-OCT-2011,69.37,2156.27,1445,3085,Bhadra_2011_4110-OCT-2011
3631,Bhadra,2011,41,11-OCT-2011,69.35,2156.25,2938,3085,Bhadra_2011_4111-OCT-2011
3632,Bhadra,2011,41,12-OCT-2011,69.45,2156.33,4443,3085,Bhadra_2011_4112-OCT-2011
3633,Bhadra,2011,41,13-OCT-2011,69.42,2156.31,2938,3085,Bhadra_2011_4113-OCT-2011
3634,Bhadra,2011,41,14-OCT-2011,69.37,2156.27,2637,3085,Bhadra_2011_4114-OCT-2011
3719,Bhadra,2011,42,15-OCT-2011,69.58,2156.43,5635,3085,Bhadra_2011_4215-OCT-2011
3720,Bhadra,2011,42,16-OCT-2011,69.66,2156.50,4142,3085,Bhadra_2011_4216-OCT-2011
3721,Bhadra,2011,42,17-OCT-2011,69.71,2156.54,3781,3025,Bhadra_2011_4217-OCT-2011
3722,Bhadra,2011,42,18-OCT-2011,69.76,2156.58,3542,2786,Bhadra_2011_4218-OCT-2011
3723,Bhadra,2011,42,19-OCT-2011,69.71,2156.54,2308,2755,Bhadra_2011_4219-OCT-2011
3724,Bhadra,2011,42,20-OCT-2011,69.66,2156.50,2308,2755,Bhadra_2011_4220-OCT-2011
3725,Bhadra,2011,42,21-OCT-2011,69.58,2156.40,2255,3003,Bhadra_2011_4221-OCT-2011
3810,Bhadra,2011,43,22-OCT-2011,69.45,2156.33,1746,3085,Bhadra_2011_4322-OCT-2011
3811,Bhadra,2011,43,23-OCT-2011,69.35,2156.30,2035,3239,Bhadra_2011_4323-OCT-2011
3812,Bhadra,2011,43,24-OCT-2011,69.19,2156.12,1433,3085,Bhadra_2011_4324-OCT-2011
3813,Bhadra,2011,43,25-OCT-2011,69.11,2156.06,2347,3085,Bhadra_2011_4325-OCT-2011
3814,Bhadra,2011,43,26-OCT-2011,69.04,2156,2336,3085,Bhadra_2011_4326-OCT-2011
3815,Bhadra,2011,43,27-OCT-2011,68.93,2155.91,2046,3085,Bhadra_2011_4327-OCT-2011
3816,Bhadra,2011,43,28-OCT-2011,68.83,2155.83,2058,3085,Bhadra_2011_4328-OCT-2011
3901,Bhadra,2011,44,29-OCT-2011,68.73,2155.75,2046,3085,Bhadra_2011_4429-OCT-2011
3902,Bhadra,2011,44,30-OCT-2011,68.62,2155.66,2046,3085,Bhadra_2011_4430-OCT-2011
3903,Bhadra,2011,44,31-OCT-2011,68.52,2155.58,2057,3085,Bhadra_2011_4431-OCT-2011
3904,Bhadra,2011,44,01-NOV-2011,68.37,2155.45,1455,3238,Bhadra_2011_4401-NOV-2011
3905,Bhadra,2011,44,02-NOV-2011,68.21,2155.33,1460,3085,Bhadra_2011_4402-NOV-2011
3906,Bhadra,2011,44,03-NOV-2011,68.09,2155.22,1749,3085,Bhadra_2011_4403-NOV-2011
3907,Bhadra,2011,44,04-NOV-2011,68.09,2155.22,3243,3085,Bhadra_2011_4404-NOV-2011
3992,Bhadra,2011,45,05-NOV-2011,68.01,2155.16,2351,3085,Bhadra_2011_4505-NOV-2011
3993,Bhadra,2011,45,06-NOV-2011,67.91,2155.08,2062,3085,Bhadra_2011_4506-NOV-2011
3994,Bhadra,2011,45,07-NOV-2011,67.80,2155,2050,3085,Bhadra_2011_4507-NOV-2011
3995,Bhadra,2011,45,08-NOV-2011,57.70,2154.91,1966,2990,Bhadra_2011_4508-NOV-2011
3996,Bhadra,2011,45,09-NOV-2011,67.63,2154.85,1982,2705,Bhadra_2011_4509-NOV-2011
3997,Bhadra,2011,45,10-NOV-2011,67.50,2154.75,1392,2705,Bhadra_2011_4510-NOV-2011
3998,Bhadra,2011,45,11-NOV-2011,67.40,2154.66,885,1909,Bhadra_2011_4511-NOV-2011
4083,Bhadra,2011,46,12-NOV-2011,67.50,2154.75,1392,55,Bhadra_2011_4612-NOV-2011
4084,Bhadra,2011,46,13-NOV-2011,67.60,2154.83,1392,55,Bhadra_2011_4613-NOV-2011
4085,Bhadra,2011,46,14-NOV-2011,67.70,2154.91,1381,55,Bhadra_2011_4614-NOV-2011
4086,Bhadra,2011,46,15-NOV-2011,67.78,2154.97,1103,55,Bhadra_2011_4615-NOV-2011
4087,Bhadra,2011,46,16-NOV-2011,67.85,2155.04,1092,55,Bhadra_2011_4616-NOV-2011
4088,Bhadra,2011,46,17-NOV-2011,67.88,2155.06,513,55,Bhadra_2011_4617-NOV-2011
4089,Bhadra,2011,46,18-NOV-2011,67.98,2155.14,1404,55,Bhadra_2011_4618-NOV-2011
4173,Bhadra,2011,47,19-NOV-2011,68.06,2155.20,1104,55,Bhadra_2011_4719-NOV-2011
4174,Bhadra,2011,47,20-NOV-2011,68.11,2155.25,803,55,Bhadra_2011_4720-NOV-2011
4175,Bhadra,2011,47,21-NOV-2011,68.19,2155.31,1104,55,Bhadra_2011_4721-NOV-2011
4176,Bhadra,2011,47,22-NOV-2011,68.24,2155.35,803,55,Bhadra_2011_4722-NOV-2011
4177,Bhadra,2011,47,23-NOV-2011,68.32,2155.41,1104,55,Bhadra_2011_4723-NOV-2011
4178,Bhadra,2011,47,24-NOV-2011,68.37,2155.45,815,55,Bhadra_2011_4724-NOV-2011
4179,Bhadra,2011,47,25-NOV-2011,68.42,2155.50,803,55,Bhadra_2011_4725-NOV-2011
4264,Bhadra,2011,48,26-NOV-2011,68.41,2155.55,803,55,Bhadra_2011_4826-NOV-2011
4265,Bhadra,2011,48,27-NOV-2011,68.55,2155.60,803,55,Bhadra_2011_4827-NOV-2011
4266,Bhadra,2011,48,28-NOV-2011,68.62,2155.66,1104,55,Bhadra_2011_4828-NOV-2011
4267,Bhadra,2011,48,29-NOV-2011,68.73,2155.75,1405,55,Bhadra_2011_4829-NOV-2011
4268,Bhadra,2011,48,30-NOV-2011,68.83,2155.83,1405,55,Bhadra_2011_4830-NOV-2011
4269,Bhadra,2011,48,01-DEC-2011,68.93,2155.91,1394,55,Bhadra_2011_4801-DEC-2011
4270,Bhadra,2011,48,02-DEC-2011,69.04,2156,1365,55,Bhadra_2011_4802-DEC-2011
4355,Bhadra,2011,49,03-DEC-2011,69.09,2156.04,810,55,Bhadra_2011_4903-DEC-2011
4356,Bhadra,2011,49,04-DEC-2011,69.14,2156.08,811,55,Bhadra_2011_4904-DEC-2011
4357,Bhadra,2011,49,05-DEC-2011,69.22,2156.14,1100,55,Bhadra_2011_4905-DEC-2011
4358,Bhadra,2011,49,06-DEC-2011,69.27,2156.18,811,55,Bhadra_2011_4906-DEC-2011
4359,Bhadra,2011,49,07-DEC-2011,69.32,2156.22,811,55,Bhadra_2011_4907-DEC-2011
4360,Bhadra,2011,49,08-DEC-2011,69.35,2156.25,510,55,Bhadra_2011_4908-DEC-2011
4361,Bhadra,2011,49,09-DEC-2011,69.37,2156.24,510,55,Bhadra_2011_4909-DEC-2011
4446,Bhadra,2011,50,10-DEC-2011,69.45,2156.33,112,55,Bhadra_2011_5010-DEC-2011
4447,Bhadra,2011,50,11-DEC-2011,69.50,2156.37,799,55,Bhadra_2011_5011-DEC-2011
4448,Bhadra,2011,50,12-DEC-2011,69.55,2156.41,811,55,Bhadra_2011_5012-DEC-2011
4449,Bhadra,2011,50,13-DEC-2011,69.61,2156.45,811,55,Bhadra_2011_5013-DEC-2011
4450,Bhadra,2011,50,14-DEC-2011,69.66,2156.50,811,55,Bhadra_2011_5014-DEC-2011
4451,Bhadra,2011,50,15-DEC-2011,69.66,2156.50,209,55,Bhadra_2011_5015-DEC-2011
4452,Bhadra,2011,50,16-DEC-2011,69.71,2156.54,811,55,Bhadra_2011_5016-DEC-2011
4537,Bhadra,2011,51,17-DEC-2011,69.74,2156.56,510,55,Bhadra_2011_5117-DEC-2011
4538,Bhadra,2011,51,18-DEC-2011,69.76,2156.58,510,210,Bhadra_2011_5118-DEC-2011
4539,Bhadra,2011,51,19-DEC-2011,69.78,2156.60,510,210,Bhadra_2011_5119-DEC-2011
4540,Bhadra,2011,51,20-DEC-2011,69.81,2156.62,499,55,Bhadra_2011_5120-DEC-2011
4541,Bhadra,2011,51,21-DEC-2011,69.86,2156.66,811,210,Bhadra_2011_5121-DEC-2011
4542,Bhadra,2011,51,22-DEC-2011,69.86,2154.66,210,55,Bhadra_2011_5122-DEC-2011
4543,Bhadra,2011,51,23-DEC-2011,69.89,2154.68,511,55,Bhadra_2011_5123-DEC-2011
4629,Bhadra,2011,52,24-DEC-2011,69.92,2156.70,511,55,Bhadra_2011_5224-DEC-2011
4630,Bhadra,2011,52,25-DEC-2011,69.94,2156.72,511,55,Bhadra_2011_5225-DEC-2011
4631,Bhadra,2011,52,26-DEC-2011,69.97,2156.75,511,55,Bhadra_2011_5226-DEC-2011
4632,Bhadra,2011,52,27-DEC-2011,69.99,2156.77,511,55,Bhadra_2011_5227-DEC-2011
4633,Bhadra,2011,52,28-DEC-2011,70,2156.79,511,55,Bhadra_2011_5228-DEC-2011
4634,Bhadra,2011,52,29-DEC-2011,70.05,2156.81,511,55,Bhadra_2011_5229-DEC-2011
4635,Bhadra,2011,52,30-DEC-2011,70.07,2156.83,511,55,Bhadra_2011_5230-DEC-2011
4636,Bhadra,2011,52,31-DEC-2011,70.10,2156.85,511,55,Bhadra_2011_5231-DEC-2011
4726,Bhadra,2012,1,01-JAN-2012,70.12,2156.87,499,55,Bhadra_2012_101-JAN-2012
4829,Bhadra,2014,2,08-JAN-2014,64.68,2152.41,62,3085,Bhadra_2014_208-JAN-2014
4830,Bhadra,2014,2,09-JAN-2014,64.40,2152.18,62,3085,Bhadra_2014_209-JAN-2014
4831,Bhadra,2014,2,10-JAN-2014,64.13,2151.95,73,3085,Bhadra_2014_210-JAN-2014
4832,Bhadra,2014,2,11-JAN-2014,63.86,2151.72,84,3085,Bhadra_2014_211-JAN-2014
4833,Bhadra,2014,2,12-JAN-2014,63.59,2151.50,95,3232,Bhadra_2014_212-JAN-2014
4834,Bhadra,2014,2,13-JAN-2014,63.32,2151.27,95,3085,Bhadra_2014_213-JAN-2014
4835,Bhadra,2014,2,14-JAN-2014,63.04,2151.04,83,3085,Bhadra_2014_214-JAN-2014
4920,Bhadra,2014,3,15-JAN-2014,62.78,2150.81,217,3085,Bhadra_2014_315-JAN-2014
4921,Bhadra,2014,3,16-JAN-2014,62.51,2150.58,129,3231,Bhadra_2014_316-JAN-2014
4922,Bhadra,2014,3,17-JAN-2014,62.24,2150.35,117,3085,Bhadra_2014_317-JAN-2014
4923,Bhadra,2014,3,18-JAN-2014,61.97,2150.12,116,3085,Bhadra_2014_318-JAN-2014
4924,Bhadra,2014,3,19-JAN-2014,61.70,2149.89,139,3085,Bhadra_2014_319-JAN-2014
4925,Bhadra,2014,3,20-JAN-2014,61.44,2149.66,150,3085,Bhadra_2014_320-JAN-2014
4926,Bhadra,2014,3,21-JAN-2014,61.17,2149.43,150,3085,Bhadra_2014_321-JAN-2014
5009,Bhadra,2014,4,22-JAN-2014,60.91,2149.20,161,3085,Bhadra_2014_422-JAN-2014
5010,Bhadra,2014,4,23-JAN-2014,60.64,2048.97,149,3085,Bhadra_2014_423-JAN-2014
5011,Bhadra,2014,4,24-JAN-2014,60.28,2148.75,184,3085,Bhadra_2014_424-JAN-2014
5012,Bhadra,2014,4,25-JAN-2014,60.11,2148.52,183,3085,Bhadra_2014_425-JAN-2014
5013,Bhadra,2014,4,26-JAN-2014,59.85,2148.29,183,3085,Bhadra_2014_426-JAN-2014
5014,Bhadra,2014,4,27-JAN-2014,59.59,2148.06,183,3085,Bhadra_2014_427-JAN-2014
5015,Bhadra,2014,4,28-JAN-2014,59.33,2147.83,206,3085,Bhadra_2014_428-JAN-2014
5100,Bhadra,2014,5,29-JAN-2014,59.07,2147.60,217,3085,Bhadra_2014_529-JAN-2014
5101,Bhadra,2014,5,30-JAN-2014,58.81,2147.37,216,3085,Bhadra_2014_530-JAN-2014
5102,Bhadra,2014,5,31-JAN-2014,58.55,2147.14,216,3085,Bhadra_2014_531-JAN-2014
5103,Bhadra,2014,5,01-FEB-2014,58.29,2146.91,216,3085,Bhadra_2014_501-FEB-2014
5104,Bhadra,2014,5,02-FEB-2014,58.03,2146.68,266,3085,Bhadra_2014_502-FEB-2014
5105,Bhadra,2014,5,03-FEB-2014,57.78,2146.43,12,3110,Bhadra_2014_503-FEB-2014
5106,Bhadra,2014,5,04-FEB-2014,57.47,2146.18,24,3110,Bhadra_2014_504-FEB-2014
5191,Bhadra,2014,6,05-FEB-2014,57.19,2145.93,196,3280,Bhadra_2014_605-FEB-2014
5192,Bhadra,2014,6,06-FEB-2014,56.91,2145.68,216,3280,Bhadra_2014_606-FEB-2014
5193,Bhadra,2014,6,07-FEB-2014,56.63,2145.44,216,3433,Bhadra_2014_607-FEB-2014
5194,Bhadra,2014,6,08-FEB-2014,56.35,2145.18,215,3280,Bhadra_2014_608-FEB-2014
5195,Bhadra,2014,6,09-FEB-2014,56.08,2144.93,226,3280,Bhadra_2014_609-FEB-2014
5196,Bhadra,2014,6,10-FEB-2014,55.78,2144.66,19,3305,Bhadra_2014_610-FEB-2014
5197,Bhadra,2014,6,11-FEB-2014,55.48,2144.39,32,3330,Bhadra_2014_611-FEB-2014
5282,Bhadra,2014,7,12-FEB-2014,55.18,2144.22,32,3330,Bhadra_2014_712-FEB-2014
5283,Bhadra,2014,7,13-FEB-2014,54.89,2143.85,41,3305,Bhadra_2014_713-FEB-2014
5284,Bhadra,2014,7,14-FEB-2014,54.50,2143.50,30,4336,Bhadra_2014_714-FEB-2014
5285,Bhadra,2014,7,15-FEB-2014,65.58,2153.16,148,1168,Bhadra_2014_715-FEB-2014
5286,Bhadra,2014,7,16-FEB-2014,53.85,2142.89,38,3280,Bhadra_2014_716-FEB-2014
5287,Bhadra,2014,7,17-FEB-2014,53.56,2142.42,72,3280,Bhadra_2014_717-FEB-2014
5288,Bhadra,2014,7,18-FEB-2014,53.27,2142.35,21,3230,Bhadra_2014_718-FEB-2014
5373,Bhadra,2014,8,21-FEB-2014,52.40,2141.54,66,3230,Bhadra_2014_821-FEB-2014
5374,Bhadra,2014,8,22-FEB-2014,52.12,2141.27,54,3230,Bhadra_2014_822-FEB-2014
5375,Bhadra,2014,8,23-FEB-2014,51.83,2141,53,3230,Bhadra_2014_823-FEB-2014
5376,Bhadra,2014,8,24-FEB-2014,51.55,2140.72,99,3230,Bhadra_2014_824-FEB-2014
5377,Bhadra,2014,8,25-FEB-2014,51.26,2140.45,99,3230,Bhadra_2014_825-FEB-2014
5378,Bhadra,2014,8,19-FEB-2014,52.98,2142.08,19,3240,Bhadra_2014_819-FEB-2014
5379,Bhadra,2014,8,20-FEB-2014,52.69,2141.81,43,3230,Bhadra_2014_820-FEB-2014
5464,Bhadra,2014,9,26-FEB-2014,50.98,2140.18,98,3230,Bhadra_2014_926-FEB-2014
5465,Bhadra,2014,9,27-FEB-2014,50.70,2139.91,59,3323,Bhadra_2014_927-FEB-2014
5466,Bhadra,2014,9,28-FEB-2014,50.42,2139.64,93,3180,Bhadra_2014_928-FEB-2014
5467,Bhadra,2014,9,01-MAR-2014,50.05,2139.29,28,4122,Bhadra_2014_901-MAR-2014
5468,Bhadra,2014,9,02-MAR-2014,49.31,2138.56,90,8565,Bhadra_2014_902-MAR-2014
5469,Bhadra,2014,9,03-MAR-2014,48.19,2137.45,34,12805,Bhadra_2014_903-MAR-2014
5470,Bhadra,2014,9,04-MAR-2014,47.40,2139.66,22,9177,Bhadra_2014_904-MAR-2014
5555,Bhadra,2014,10,05-MAR-2014,46.56,2135.81,36,9651,Bhadra_2014_1005-MAR-2014
5556,Bhadra,2014,10,06-MAR-2014,45.80,2135.04,46,8762,Bhadra_2014_1006-MAR-2014
5557,Bhadra,2014,10,07-MAR-2014,45.16,2134.37,51,7343,Bhadra_2014_1007-MAR-2014
5558,Bhadra,2014,10,08-MAR-2014,44.64,2133.83,72,5930,Bhadra_2014_1008-MAR-2014
5559,Bhadra,2014,10,09-MAR-2014,44.19,2133.35,50,5180,Bhadra_2014_1009-MAR-2014
5560,Bhadra,2014,10,10-MAR-2014,43.71,2132.85,14,5330,Bhadra_2014_1010-MAR-2014
5561,Bhadra,2014,10,11-MAR-2014,43.38,2132.50,50,3747,Bhadra_2014_1011-MAR-2014
5646,Bhadra,2014,11,12-MAR-2014,43.11,2132.20,70,3085,Bhadra_2014_1112-MAR-2014
5647,Bhadra,2014,11,13-MAR-2014,42.84,2131.91,81,3085,Bhadra_2014_1113-MAR-2014
5648,Bhadra,2014,11,14-MAR-2014,42.57,2131.62,115,3085,Bhadra_2014_1114-MAR-2014
5649,Bhadra,2014,11,15-MAR-2014,42.30,2131.33,115,3085,Bhadra_2014_1115-MAR-2014
5650,Bhadra,2014,11,16-MAR-2014,42.03,2131.04,102,3085,Bhadra_2014_1116-MAR-2014
5651,Bhadra,2014,11,17-MAR-2014,41.74,2130.72,15,3302,Bhadra_2014_1117-MAR-2014
5652,Bhadra,2014,11,18-MAR-2014,41.46,2130.41,14,3085,Bhadra_2014_1118-MAR-2014
5739,Bhadra,2014,12,19-MAR-2014,41.18,2130.10,13,3160,Bhadra_2014_1219-MAR-2014
5740,Bhadra,2014,12,20-MAR-2014,40.88,2129.77,28,3360,Bhadra_2014_1220-MAR-2014
5741,Bhadra,2014,12,21-MAR-2014,40.58,2129.43,38,3499,Bhadra_2014_1221-MAR-2014
5742,Bhadra,2014,12,22-MAR-2014,40.28,2129.10,38,3360,Bhadra_2014_1222-MAR-2014
5743,Bhadra,2014,12,23-MAR-2014,39.98,2128.75,83,3360,Bhadra_2014_1223-MAR-2014
5744,Bhadra,2014,12,24-MAR-2014,39.69,2128.43,19,3285,Bhadra_2014_1224-MAR-2014
5745,Bhadra,2014,12,25-MAR-2014,39.40,2128.10,19,3285,Bhadra_2014_1225-MAR-2014
5839,Bhadra,2014,13,26-MAR-2014,39.09,2127.77,39,3480,Bhadra_2014_1326-MAR-2014
5840,Bhadra,2014,13,27-MAR-2014,38.78,2127.29,62,3480,Bhadra_2014_1327-MAR-2014
5841,Bhadra,2014,13,28-MAR-2014,38.47,2127.04,49,3480,Bhadra_2014_1328-MAR-2014
5842,Bhadra,2014,13,29-MAR-2014,38.08,2126.58,76,4480,Bhadra_2014_1329-MAR-2014
5843,Bhadra,2014,13,30-MAR-2014,37.60,2126.02,57,5480,Bhadra_2014_1330-MAR-2014
5844,Bhadra,2014,13,31-MAR-2014,37.23,2125.58,27,4155,Bhadra_2014_1331-MAR-2014
5845,Bhadra,2014,13,01-APR-2014,36.90,2125.18,56,3780,Bhadra_2014_1301-APR-2014
5934,Bhadra,2014,14,02-APR-2014,36.55,2124.77,15,3855,Bhadra_2014_1402-APR-2014
5935,Bhadra,2014,14,03-APR-2014,36.17,2124.31,80,4280,Bhadra_2014_1403-APR-2014
5936,Bhadra,2014,14,04-APR-2014,35.79,2123.85,101,4280,Bhadra_2014_1404-APR-2014
5937,Bhadra,2014,14,05-APR-2014,35.44,2123.41,43,3980,Bhadra_2014_1405-APR-2014
5938,Bhadra,2014,14,06-APR-2014,35.10,2123,27,3780,Bhadra_2014_1406-APR-2014
5939,Bhadra,2014,14,07-APR-2014,34.80,2122.62,78,3380,Bhadra_2014_1407-APR-2014
5940,Bhadra,2014,14,08-APR-2014,34.50,2122.25,77,3380,Bhadra_2014_1408-APR-2014
6025,Bhadra,2014,15,09-APR-2014,34.20,2121.87,86,3380,Bhadra_2014_1509-APR-2014
6026,Bhadra,2014,15,10-APR-2014,33.90,2121.50,119,3380,Bhadra_2014_1510-APR-2014
6027,Bhadra,2014,15,11-APR-2014,33.60,2121.12,117,3380,Bhadra_2014_1511-APR-2014
6028,Bhadra,2014,15,12-APR-2014,33.31,2120.75,151,3380,Bhadra_2014_1512-APR-2014
6029,Bhadra,2014,15,13-APR-2014,33.02,2120.38,162,3553,Bhadra_2014_1513-APR-2014
6030,Bhadra,2014,15,14-APR-2014,32.72,2120,161,3280,Bhadra_2014_1514-APR-2014
6031,Bhadra,2014,15,15-APR-2014,32.42,2119.60,21,3380,Bhadra_2014_1515-APR-2014
6116,Bhadra,2014,16,16-APR-2014,32.11,2119.20,20,3380,Bhadra_2014_1616-APR-2014
6117,Bhadra,2014,16,17-APR-2014,31.81,2118.81,54,3380,Bhadra_2014_1617-APR-2014
6118,Bhadra,2014,16,18-APR-2014,31.51,2118.41,86,3380,Bhadra_2014_1618-APR-2014
6119,Bhadra,2014,16,19-APR-2014,31.21,2118.02,75,3380,Bhadra_2014_1619-APR-2014
6120,Bhadra,2014,16,20-APR-2014,30.91,2117.62,120,3380,Bhadra_2014_1620-APR-2014
6121,Bhadra,2014,16,21-APR-2014,30.62,2117.20,131,3380,Bhadra_2014_1621-APR-2014
6122,Bhadra,2014,16,22-APR-2014,30.33,2116.83,153,3380,Bhadra_2014_1622-APR-2014
6207,Bhadra,2014,17,23-APR-2014,30.02,2116.41,15,3405,Bhadra_2014_1723-APR-2014
6208,Bhadra,2014,17,24-APR-2014,29.71,2116,25,3405,Bhadra_2014_1724-APR-2014
6209,Bhadra,2014,17,25-APR-2014,29.41,2115.58,46,3380,Bhadra_2014_1725-APR-2014
6210,Bhadra,2014,17,26-APR-2014,29.11,2115.16,56,3380,Bhadra_2014_1726-APR-2014
6211,Bhadra,2014,17,27-APR-2014,28.81,2114.75,90,3380,Bhadra_2014_1727-APR-2014
6212,Bhadra,2014,17,28-APR-2014,28.52,2114.33,100,3380,Bhadra_2014_1728-APR-2014
6213,Bhadra,2014,17,29-APR-2014,28.22,2113.91,111,3380,Bhadra_2014_1729-APR-2014
6298,Bhadra,2014,18,30-APR-2014,27.93,2113.50,144,3380,Bhadra_2014_1830-APR-2014
6299,Bhadra,2014,18,01-MAY-2014,27.63,2113.08,155,3380,Bhadra_2014_1801-MAY-2014
6300,Bhadra,2014,18,02-MAY-2014,27.35,2112.66,155,3380,Bhadra_2014_1802-MAY-2014
6301,Bhadra,2014,18,03-MAY-2014,27.05,2112.22,22,3380,Bhadra_2014_1803-MAY-2014
6302,Bhadra,2014,18,04-MAY-2014,26.75,2111.79,44,3505,Bhadra_2014_1804-MAY-2014
6303,Bhadra,2014,18,05-MAY-2014,26.45,2111.35,67,3380,Bhadra_2014_1805-MAY-2014
6304,Bhadra,2014,18,06-MAY-2014,26.15,2110.91,89,3380,Bhadra_2014_1806-MAY-2014
6389,Bhadra,2014,19,07-MAY-2014,25.86,2110.47,323,3380,Bhadra_2014_1907-MAY-2014
6390,Bhadra,2014,19,08-MAY-2014,25.86,2110.04,133,3380,Bhadra_2014_1908-MAY-2014
6391,Bhadra,2014,19,09-MAY-2014,25.77,2110.33,5747,3380,Bhadra_2014_1909-MAY-2014
6392,Bhadra,2014,19,10-MAY-2014,25.99,2110.66,60.9710,3380,Bhadra_2014_1910-MAY-2014
6393,Bhadra,2014,19,11-MAY-2014,26.21,2111,6072,3380,Bhadra_2014_1911-MAY-2014
6394,Bhadra,2014,19,12-MAY-2014,26.13,2110.87,1392,2230,Bhadra_2014_1912-MAY-2014
6395,Bhadra,2014,19,13-MAY-2014,25.95,2110.60,858,2830,Bhadra_2014_1913-MAY-2014
6480,Bhadra,2014,20,14-MAY-2014,25.67,2110.18,296,3380,Bhadra_2014_2014-MAY-2014
6481,Bhadra,2014,20,15-MAY-2014,25.39,2109.77,318,3380,Bhadra_2014_2015-MAY-2014
6482,Bhadra,2014,20,16-MAY-2014,25.12,2109.35,340,3380,Bhadra_2014_2016-MAY-2014
6483,Bhadra,2014,20,17-MAY-2014,24.83,2108.91,191,3380,Bhadra_2014_2017-MAY-2014
6484,Bhadra,2014,20,18-MAY-2014,24.55,2108.47,246,3380,Bhadra_2014_2018-MAY-2014
6485,Bhadra,2014,20,19-MAY-2014,24.27,2108.04,245,3380,Bhadra_2014_2019-MAY-2014
6486,Bhadra,2014,20,20-MAY-2014,23.94,2107.60,279,3380,Bhadra_2014_2020-MAY-2014
6571,Bhadra,2014,21,21-MAY-2014,23.72,2107.16,312,3380,Bhadra_2014_2121-MAY-2014
6572,Bhadra,2014,21,22-MAY-2014,23.43,2106.70,184,3380,Bhadra_2014_2122-MAY-2014
6573,Bhadra,2014,21,23-MAY-2014,23.28,2106.45,75,1755,Bhadra_2014_2123-MAY-2014
6574,Bhadra,2014,21,24-MAY-2014,23.07,2106.12,72,2355,Bhadra_2014_2124-MAY-2014
6575,Bhadra,2014,21,25-MAY-2014,22.85,2105.75,136,2535,Bhadra_2014_2125-MAY-2014
6576,Bhadra,2014,21,26-MAY-2014,22.64,2105.41,158,2535,Bhadra_2014_2126-MAY-2014
6577,Bhadra,2014,21,27-MAY-2014,22.42,2105.06,146,2535,Bhadra_2014_2127-MAY-2014
6659,Bhadra,2014,22,28-MAY-2014,22.19,2104.66,102,2735,Bhadra_2014_2228-MAY-2014
6660,Bhadra,2014,22,29-MAY-2014,22.07,2104.47,68,1255,Bhadra_2014_2229-MAY-2014
6661,Bhadra,2014,22,30-MAY-2014,21.96,2104.29,67,1255,Bhadra_2014_2230-MAY-2014
6662,Bhadra,2014,22,31-MAY-2014,21.88,2104.10,56,955,Bhadra_2014_2231-MAY-2014
6717,Bhadra,2014,23,01-JUN-2014,21.83,2104.06,46,517,Bhadra_2014_2301-JUN-2014
6718,Bhadra,2014,23,02-JUN-2014,21.84,2104.08,261,55,Bhadra_2014_2302-JUN-2014
6719,Bhadra,2014,23,03-JUN-2014,21.85,2104.10,250,55,Bhadra_2014_2303-JUN-2014
6720,Bhadra,2014,23,04-JUN-2014,21.86,2104.12,261,55,Bhadra_2014_2304-JUN-2014
6721,Bhadra,2014,23,05-JUN-2014,21.88,2104.14,250,55,Bhadra_2014_2305-JUN-2014
6722,Bhadra,2014,23,06-JUN-2014,21.89,2104.16,261,55,Bhadra_2014_2306-JUN-2014
6723,Bhadra,2014,23,07-JUN-2014,21.90,2104.18,250,55,Bhadra_2014_2307-JUN-2014
6724,Bhadra,2014,23,08-JUN-2014,21.91,2104.20,250,55,Bhadra_2014_2308-JUN-2014
6725,Bhadra,2014,23,09-JUN-2014,21.93,2104.22,261,55,Bhadra_2014_2309-JUN-2014
6726,Bhadra,2014,23,10-JUN-2014,21.94,2104.25,250,55,Bhadra_2014_2310-JUN-2014
6844,Bhadra,2014,24,11-JUN-2014,21.94,2104.25,111,55,Bhadra_2014_2411-JUN-2014
6845,Bhadra,2014,24,12-JUN-2014,21.94,2104.25,111,55,Bhadra_2014_2412-JUN-2014
6846,Bhadra,2014,24,13-JUN-2014,21.95,2104.27,261,55,Bhadra_2014_2413-JUN-2014
6847,Bhadra,2014,24,14-JUN-2014,21.98,2104.31,400,55,Bhadra_2014_2414-JUN-2014
6848,Bhadra,2014,24,15-JUN-2014,21.99,2104.35,389,55,Bhadra_2014_2415-JUN-2014
6849,Bhadra,2014,24,16-JUN-2014,21.99,2104.35,0,0,Bhadra_2014_2416-JUN-2014
6850,Bhadra,2014,24,17-JUN-2014,22.11,2104.54,1257,55,Bhadra_2014_2417-JUN-2014
6935,Bhadra,2013,24,11-JUN-2013,13.26,2086.58,1621,55,Bhadra_2013_2411-JUN-2013
6936,Bhadra,2013,24,12-JUN-2013,13.60,2087.41,3959,55,Bhadra_2013_2412-JUN-2013
6937,Bhadra,2013,24,13-JUN-2013,13.97,2088.33,4446,55,Bhadra_2013_2413-JUN-2013
6938,Bhadra,2013,24,14-JUN-2013,14.21,2088.91,2896,55,Bhadra_2013_2414-JUN-2013
6939,Bhadra,2013,24,15-JUN-2013,22.16,2089.83,4610,55,Bhadra_2013_2415-JUN-2013
6940,Bhadra,2013,24,16-JUN-2013,15.04,2090.83,5120,55,Bhadra_2013_2416-JUN-2013
6941,Bhadra,2013,24,17-JUN-2013,15.52,2091.91,5676,55,Bhadra_2013_2417-JUN-2013
7026,Bhadra,2013,25,18-JUN-2013,22.16,2093.16,6708,55,Bhadra_2013_2518-JUN-2013
7027,Bhadra,2013,25,19-JUN-2013,16.68,2094.41,6894,55,Bhadra_2013_2519-JUN-2013
7028,Bhadra,2013,25,20-JUN-2013,17.08,2095.25,4731,55,Bhadra_2013_2520-JUN-2013
7029,Bhadra,2013,25,21-JUN-2013,17.32,2095.75,2938,55,Bhadra_2013_2521-JUN-2013
7030,Bhadra,2013,25,22-JUN-2013,17.53,2096.16,2487,55,Bhadra_2013_2522-JUN-2013
7031,Bhadra,2013,25,23-JUN-2013,17.74,2096.58,2510,55,Bhadra_2013_2523-JUN-2013
7032,Bhadra,2013,25,24-JUN-2013,18.07,2097.25,4004,55,Bhadra_2013_2524-JUN-2013
7117,Bhadra,2013,26,25-JUN-2013,18.76,2098.58,8102,55,Bhadra_2013_2625-JUN-2013
7118,Bhadra,2013,26,26-JUN-2013,22.49,2101.50,18462,55,Bhadra_2013_2626-JUN-2013
7119,Bhadra,2013,26,27-JUN-2013,22.04,2104.41,19635,55,Bhadra_2013_2627-JUN-2013
7120,Bhadra,2013,26,28-JUN-2013,23.15,2106.25,12982,55,Bhadra_2013_2628-JUN-2013
7121,Bhadra,2013,26,29-JUN-2013,23.77,2107.25,7324,55,Bhadra_2013_2629-JUN-2013
7122,Bhadra,2013,26,30-JUN-2013,24.19,2107.92,4976,55,Bhadra_2013_2630-JUN-2013
7123,Bhadra,2013,26,01-JUL-2013,24.51,2108.41,3831,55,Bhadra_2013_2601-JUL-2013
7208,Bhadra,2013,27,02-JUL-2013,24.83,2108.91,3829,55,Bhadra_2013_2702-JUL-2013
7209,Bhadra,2013,27,03-JUL-2013,25.49,2109.91,7684,55,Bhadra_2013_2703-JUL-2013
7210,Bhadra,2013,27,04-JUL-2013,28.81,2114.75,38590,55,Bhadra_2013_2704-JUL-2013
7211,Bhadra,2013,27,05-JUL-2013,32.79,2120.08,46130,55,Bhadra_2013_2705-JUL-2013
7212,Bhadra,2013,27,06-JUL-2013,34.56,2122.33,20683,55,Bhadra_2013_2706-JUL-2013
7213,Bhadra,2013,27,07-JUL-2013,36.46,2124.66,22133,55,Bhadra_2013_2707-JUL-2013
7214,Bhadra,2013,27,08-JUL-2013,37.79,2126.25,15526,55,Bhadra_2013_2708-JUL-2013
7299,Bhadra,2013,28,09-JUL-2013,38.72,2127.33,1898,55,Bhadra_2013_2809-JUL-2013
7300,Bhadra,2013,28,10-JUL-2013,39.38,2128.08,7693,55,Bhadra_2013_2810-JUL-2013
7301,Bhadra,2013,28,11-JUL-2013,39.97,2128.75,7384,502,Bhadra_2013_2811-JUL-2013
7302,Bhadra,2013,28,12-JUL-2013,39.97,2128.75,7384,502,Bhadra_2013_2812-JUL-2013
7303,Bhadra,2013,28,13-JUL-2013,42.18,2131.21,19373,3224,Bhadra_2013_2813-JUL-2013
7304,Bhadra,2013,28,14-JUL-2013,43.38,2132.50,17048,3226,Bhadra_2013_2814-JUL-2013
7305,Bhadra,2013,28,15-JUL-2013,44.32,2133.50,13437,2523,Bhadra_2013_2815-JUL-2013
7390,Bhadra,2013,29,16-JUL-2013,44.96,2134.16,9885,2435,Bhadra_2013_2916-JUL-2013
7391,Bhadra,2013,29,17-JUL-2013,45.44,2134.66,8341,2685,Bhadra_2013_2917-JUL-2013
7392,Bhadra,2013,29,18-JUL-2013,46.50,2135.75,15224,2935,Bhadra_2013_2918-JUL-2013
7393,Bhadra,2013,29,19-JUL-2013,47.81,2137.08,17793,2435,Bhadra_2013_2919-JUL-2013
7394,Bhadra,2013,29,20-JUL-2013,50.27,2139.50,30163,1655,Bhadra_2013_2920-JUL-2013
7395,Bhadra,2013,29,21-JUL-2013,53.34,2142.42,37625,2408,Bhadra_2013_2921-JUL-2013
7396,Bhadra,2013,29,22-JUL-2013,55.78,2144.66,30543,2155,Bhadra_2013_2922-JUL-2013
7481,Bhadra,2013,30,23-JUL-2013,57.82,2146.50,25846,2155,Bhadra_2013_3023-JUL-2013
7482,Bhadra,2013,30,24-JUL-2013,59.99,2148.42,27678,2504,Bhadra_2013_3024-JUL-2013
7483,Bhadra,2013,30,25-JUL-2013,62.57,2150.58,32010,2805,Bhadra_2013_3025-JUL-2013
7484,Bhadra,2013,30,26-JUL-2013,64.88,2152.58,29526,1986,Bhadra_2013_3026-JUL-2013
7485,Bhadra,2013,30,27-JUL-2013,67.40,2154.66,31422,2155,Bhadra_2013_3027-JUL-2013
7486,Bhadra,2013,30,28-JUL-2013,69.45,2156.33,30989,7052,Bhadra_2013_3028-JUL-2013
7487,Bhadra,2013,30,29-JUL-2013,70.07,2156.83,33190,25687,Bhadra_2013_3029-JUL-2013
7572,Bhadra,2013,31,31-JUL-2013,69.17,2156.10,18298,18472,Bhadra_2013_3131-JUL-2013
7573,Bhadra,2013,31,01-AUG-2013,69.50,2156.37,25676,21672,Bhadra_2013_3101-AUG-2013
7574,Bhadra,2013,31,02-AUG-2013,69.48,2156.35,45127,45301,Bhadra_2013_3102-AUG-2013
7575,Bhadra,2013,31,03-AUG-2013,68.01,2156.16,44655,61531,Bhadra_2013_3103-AUG-2013
7576,Bhadra,2013,31,04-AUG-2013,66.79,2154.16,35915,49945,Bhadra_2013_3104-AUG-2013
7577,Bhadra,2013,31,05-AUG-2013,66.63,2154.04,29563,31209,Bhadra_2013_3105-AUG-2013
7578,Bhadra,2013,31,30-JUL-2013,69.19,2156.12,27168,37261,Bhadra_2013_3130-JUL-2013
7663,Bhadra,2013,32,06-AUG-2013,66.63,2154.04,20586,20473,Bhadra_2013_3206-AUG-2013
7664,Bhadra,2013,32,07-AUG-2013,66.74,2154.12,17109,15827,Bhadra_2013_3207-AUG-2013
7665,Bhadra,2013,32,08-AUG-2013,66.69,2154.08,15654,16120,Bhadra_2013_3208-AUG-2013
7666,Bhadra,2013,32,09-AUG-2013,66.89,2154.25,10627,8165,Bhadra_2013_3209-AUG-2013
7667,Bhadra,2013,32,10-AUG-2013,67.10,2154.42,8643,6180,Bhadra_2013_3210-AUG-2013
7668,Bhadra,2013,32,11-AUG-2013,67.09,2154.40,8908,8795,Bhadra_2013_3211-AUG-2013
7669,Bhadra,2013,32,12-AUG-2013,66.99,2154.42,9332,10388,Bhadra_2013_3212-AUG-2013
7754,Bhadra,2013,33,13-AUG-2013,66.99,2154.33,7285,7172,Bhadra_2013_3313-AUG-2013
7755,Bhadra,2013,33,14-AUG-2013,66.81,2154.22,3203,4560,Bhadra_2013_3314-AUG-2013
7756,Bhadra,2013,33,15-AUG-2013,66.63,2154.04,447,2985,Bhadra_2013_3315-AUG-2013
7757,Bhadra,2013,33,16-AUG-2013,66.41,2153.85,270,2785,Bhadra_2013_3316-AUG-2013
7758,Bhadra,2013,33,17-AUG-2013,66.09,2154.41,10484,5455,Bhadra_2013_3317-AUG-2013
7759,Bhadra,2013,33,18-AUG-2013,68.01,2155.16,13184,2455,Bhadra_2013_3318-AUG-2013
7760,Bhadra,2013,33,19-AUG-2013,68.62,2155.66,9799,2555,Bhadra_2013_3319-AUG-2013
7845,Bhadra,2013,34,20-AUG-2013,69.55,2156.41,13522,2655,Bhadra_2013_3420-AUG-2013
7846,Bhadra,2013,34,21-AUG-2013,70.05,2156.81,8402,2580,Bhadra_2013_3421-AUG-2013
7847,Bhadra,2013,34,22-AUG-2013,70.59,2157.25,9002,2555,Bhadra_2013_3422-AUG-2013
7848,Bhadra,2013,34,23-AUG-2013,71.14,2157.68,9026,2555,Bhadra_2013_3423-AUG-2013
7849,Bhadra,2013,34,24-AUG-2013,71.54,2158,9363,4697,Bhadra_2013_3424-AUG-2013
7850,Bhadra,2013,34,25-AUG-2013,71.54,2158,9219,9102,Bhadra_2013_3425-AUG-2013
7851,Bhadra,2013,34,26-AUG-2013,71.53,2158,9419,9302,Bhadra_2013_3426-AUG-2013
7936,Bhadra,2013,35,27-AUG-2013,71.43,2157.91,6828,7926,Bhadra_2013_3527-AUG-2013
7937,Bhadra,2013,35,28-AUG-2013,71.54,2158,6004,4672,Bhadra_2013_3528-AUG-2013
7938,Bhadra,2013,35,29-AUG-2013,71.54,2158,4753,4636,Bhadra_2013_3529-AUG-2013
7939,Bhadra,2013,35,30-AUG-2013,71.54,2158,4910,4793,Bhadra_2013_3530-AUG-2013
7940,Bhadra,2013,35,31-AUG-2013,71.54,2158,4656,4539,Bhadra_2013_3531-AUG-2013
7941,Bhadra,2013,35,01-SEP-2013,71.54,2158,3781,3664,Bhadra_2013_3501-SEP-2013
7942,Bhadra,2013,35,02-SEP-2013,71.54,2158,3710,3589,Bhadra_2013_3502-SEP-2013
8027,Bhadra,2013,36,07-SEP-2013,71.54,2158,5388,5267,Bhadra_2013_3607-SEP-2013
8028,Bhadra,2013,36,08-SEP-2013,71.54,2158,5480,5359,Bhadra_2013_3608-SEP-2013
8029,Bhadra,2013,36,09-SEP-2013,71.54,2158,5480,5359,Bhadra_2013_3609-SEP-2013
8030,Bhadra,2013,36,03-SEP-2013,71.54,2158,4297,4176,Bhadra_2013_3603-SEP-2013
8031,Bhadra,2013,36,04-SEP-2013,71.54,2158,5848,5727,Bhadra_2013_3604-SEP-2013
8032,Bhadra,2013,36,05-SEP-2013,71.54,2158,5276,5155,Bhadra_2013_3605-SEP-2013
8033,Bhadra,2013,36,06-SEP-2013,71.54,2158,4859,4738,Bhadra_2013_3606-SEP-2013
8118,Bhadra,2013,37,10-SEP-2013,71.54,2158,4933,4812,Bhadra_2013_3710-SEP-2013
8119,Bhadra,2013,37,11-SEP-2013,71.54,2158,4115,3994,Bhadra_2013_3711-SEP-2013
8120,Bhadra,2013,37,12-SEP-2013,71.54,2158,3821,3700,Bhadra_2013_3712-SEP-2013
8121,Bhadra,2013,37,13-SEP-2013,71.54,2158,3818,3697,Bhadra_2013_3713-SEP-2013
8122,Bhadra,2013,37,14-SEP-2013,71.54,2158,6670,6549,Bhadra_2013_3714-SEP-2013
8123,Bhadra,2013,37,15-SEP-2013,71.54,2158,7518,7397,Bhadra_2013_3715-SEP-2013
8124,Bhadra,2013,37,16-SEP-2013,71.54,2158,4304,4183,Bhadra_2013_3716-SEP-2013
8209,Bhadra,2013,38,23-SEP-2013,71.54,2158,5985,5864,Bhadra_2013_3823-SEP-2013
8210,Bhadra,2013,38,17-SEP-2013,71.54,2158,3462,3341,Bhadra_2013_3817-SEP-2013
8211,Bhadra,2013,38,18-SEP-2013,71.54,2158,3936,3815,Bhadra_2013_3818-SEP-2013
8212,Bhadra,2013,38,19-SEP-2013,71.54,2158,13678,13557,Bhadra_2013_3819-SEP-2013
8213,Bhadra,2013,38,20-SEP-2013,71.54,2158,9371,9250,Bhadra_2013_3820-SEP-2013
8214,Bhadra,2013,38,21-SEP-2013,71.54,2158,12295,12174,Bhadra_2013_3821-SEP-2013
8215,Bhadra,2013,38,22-SEP-2013,71.54,2158,9751,9630,Bhadra_2013_3822-SEP-2013
8300,Bhadra,2013,39,24-SEP-2013,71.54,2158,6243,6122,Bhadra_2013_3924-SEP-2013
8301,Bhadra,2013,39,25-SEP-2013,71.54,2158,3616,3495,Bhadra_2013_3925-SEP-2013
8302,Bhadra,2013,39,26-SEP-2013,71.54,2158,3206,3085,Bhadra_2013_3926-SEP-2013
8303,Bhadra,2013,39,27-SEP-2013,71.54,2158,3206,3085,Bhadra_2013_3927-SEP-2013
8304,Bhadra,2013,39,28-SEP-2013,71.54,2158,3206,3085,Bhadra_2013_3928-SEP-2013
8305,Bhadra,2013,39,29-SEP-2013,71.54,2158,3206,3085,Bhadra_2013_3929-SEP-2013
8306,Bhadra,2013,39,30-SEP-2013,71.54,2158,3206,3085,Bhadra_2013_3930-SEP-2013
8391,Bhadra,2013,40,01-OCT-2013,71.54,2158,3206,3085,Bhadra_2013_4001-OCT-2013
8392,Bhadra,2013,40,02-OCT-2013,71.54,2158,3167,3010,Bhadra_2013_4002-OCT-2013
8393,Bhadra,2013,40,03-OCT-2013,71.51,2157.97,2791,2935,Bhadra_2013_4003-OCT-2013
8394,Bhadra,2013,40,04-OCT-2013,71.51,2157.97,3092,2935,Bhadra_2013_4004-OCT-2013
8395,Bhadra,2013,40,05-OCT-2013,71.51,2157.97,3092,2935,Bhadra_2013_4005-OCT-2013
8396,Bhadra,2013,40,06-OCT-2013,71.51,2157.97,3092,2935,Bhadra_2013_4006-OCT-2013
8397,Bhadra,2013,40,07-OCT-2013,71.51,2157.97,3192,3035,Bhadra_2013_4007-OCT-2013
8482,Bhadra,2013,41,14-OCT-2013,71.12,2157.66,2026,3085,Bhadra_2013_4114-OCT-2013
8483,Bhadra,2013,41,08-OCT-2013,71.48,2157.95,2928,3072,Bhadra_2013_4108-OCT-2013
8484,Bhadra,2013,41,09-OCT-2013,71.48,2157.95,3242,3085,Bhadra_2013_4109-OCT-2013
8485,Bhadra,2013,41,10-OCT-2013,71.48,2157.95,3242,3085,Bhadra_2013_4110-OCT-2013
8486,Bhadra,2013,41,11-OCT-2013,71.43,2157.91,2628,3085,Bhadra_2013_4111-OCT-2013
8487,Bhadra,2013,41,12-OCT-2013,71.33,2157.83,2038,3085,Bhadra_2013_4112-OCT-2013
8488,Bhadra,2013,41,13-OCT-2013,71.22,2157.75,2026,3085,Bhadra_2013_4113-OCT-2013
8573,Bhadra,2013,42,21-OCT-2013,70.49,2157.16,2024,3085,Bhadra_2013_4221-OCT-2013
8574,Bhadra,2013,42,15-OCT-2013,71.01,2157.58,2037,3085,Bhadra_2013_4215-OCT-2013
8575,Bhadra,2013,42,16-OCT-2013,70.91,2157.05,2026,3085,Bhadra_2013_4216-OCT-2013
8576,Bhadra,2013,42,17-OCT-2013,70.86,2157.45,2639,3085,Bhadra_2013_4217-OCT-2013
8577,Bhadra,2013,42,18-OCT-2013,70.80,2157.41,2627,3085,Bhadra_2013_4218-OCT-2013
8578,Bhadra,2013,42,19-OCT-2013,70.70,2157.33,2037,3085,Bhadra_2013_4219-OCT-2013
8579,Bhadra,2013,42,20-OCT-2013,70.59,2157.25,2025,3085,Bhadra_2013_4220-OCT-2013
8663,Bhadra,2013,43,22-OCT-2013,70.38,2157.08,2036,3085,Bhadra_2013_4322-OCT-2013
8664,Bhadra,2013,43,23-OCT-2013,70.28,2157,2025,3085,Bhadra_2013_4323-OCT-2013
8665,Bhadra,2013,43,24-OCT-2013,70.28,2157,2165,2165,Bhadra_2013_4324-OCT-2013
8666,Bhadra,2013,43,25-OCT-2013,70.28,2157,1590,1590,Bhadra_2013_4325-OCT-2013
8667,Bhadra,2013,43,26-OCT-2013,70.28,2157,2055,2055,Bhadra_2013_4326-OCT-2013
8668,Bhadra,2013,43,28-OCT-2013,70.28,2157,1790,1790,Bhadra_2013_4328-OCT-2013
8741,Bhadra,2013,44,29-OCT-2013,70.28,2157,1790,1590,Bhadra_2013_4429-OCT-2013
8742,Bhadra,2013,44,30-OCT-2013,70.28,2157,1965,1965,Bhadra_2013_4430-OCT-2013
8743,Bhadra,2013,44,01-NOV-2013,70.28,2157,3240,3240,Bhadra_2013_4401-NOV-2013
8744,Bhadra,2013,44,02-NOV-2013,70.23,2156.95,2643,3240,Bhadra_2013_4402-NOV-2013
8745,Bhadra,2013,44,03-NOV-2013,70.12,2156.87,2041,3240,Bhadra_2013_4403-NOV-2013
8746,Bhadra,2013,44,04-NOV-2013,69.92,2156.70,849,3085,Bhadra_2013_4404-NOV-2013
8820,Bhadra,2013,45,05-NOV-2013,69.68,2156.52,548,3245,Bhadra_2013_4505-NOV-2013
8821,Bhadra,2013,45,06-NOV-2013,69.42,2156.31,247,3244,Bhadra_2013_4506-NOV-2013
8822,Bhadra,2013,45,07-NOV-2013,69.22,2156.14,837,3085,Bhadra_2013_4507-NOV-2013
8823,Bhadra,2013,45,08-NOV-2013,68.98,2155.95,559,3085,Bhadra_2013_4508-NOV-2013
8824,Bhadra,2013,45,09-NOV-2013,71.53,2155.77,570,3085,Bhadra_2013_4509-NOV-2013
8825,Bhadra,2013,45,10-NOV-2013,68.52,2155.58,570,3085,Bhadra_2013_4510-NOV-2013
8826,Bhadra,2013,45,11-NOV-2013,68.32,2155.41,859,3085,Bhadra_2013_4511-NOV-2013
8902,Bhadra,2013,46,12-NOV-2013,68.06,2155.20,280,3085,Bhadra_2013_4612-NOV-2013
8903,Bhadra,2013,46,13-NOV-2013,67.80,2155,268,3085,Bhadra_2013_4613-NOV-2013
8904,Bhadra,2013,46,14-NOV-2013,67.55,2154.79,302,3242,Bhadra_2013_4614-NOV-2013
8905,Bhadra,2013,46,15-NOV-2013,67.30,2154.58,302,3085,Bhadra_2013_4615-NOV-2013
8906,Bhadra,2013,46,16-NOV-2013,67.04,2154.37,290,3085,Bhadra_2013_4616-NOV-2013
8907,Bhadra,2013,46,17-NOV-2013,66.79,2154.16,301,3085,Bhadra_2013_4617-NOV-2013
8908,Bhadra,2013,46,18-NOV-2013,66.53,2153.95,312,3085,Bhadra_2013_4618-NOV-2013
8993,Bhadra,2013,47,19-NOV-2013,66.28,2153.75,324,3085,Bhadra_2013_4719-NOV-2013
8994,Bhadra,2013,47,20-NOV-2013,66.80,2153.58,164,2335,Bhadra_2013_4720-NOV-2013
8995,Bhadra,2013,47,21-NOV-2013,65.93,2153.45,142,1735,Bhadra_2013_4721-NOV-2013
8996,Bhadra,2013,47,22-NOV-2013,65.80,2153.35,131,1435,Bhadra_2013_4722-NOV-2013
8997,Bhadra,2013,47,23-NOV-2013,65.73,2153.27,195,920,Bhadra_2013_4723-NOV-2013
8998,Bhadra,2013,47,24-NOV-2013,55.73,2136.50,210,55,Bhadra_2013_4724-NOV-2013
8999,Bhadra,2013,47,25-NOV-2013,55.73,2153.27,210,55,Bhadra_2013_4725-NOV-2013
9083,Bhadra,2013,48,26-NOV-2013,65.73,2153.29,210,55,Bhadra_2013_4826-NOV-2013
9084,Bhadra,2013,48,27-NOV-2013,65.73,2153.29,210,55,Bhadra_2013_4827-NOV-2013
9085,Bhadra,2013,48,28-NOV-2013,65.73,2153.29,210,55,Bhadra_2013_4828-NOV-2013
9086,Bhadra,2013,48,29-NOV-2013,65.53,2153.29,210,55,Bhadra_2013_4829-NOV-2013
9087,Bhadra,2013,48,30-NOV-2013,65.53,2153.29,210,55,Bhadra_2013_4830-NOV-2013
9088,Bhadra,2013,48,02-DEC-2013,65.73,2153.29,210,55,Bhadra_2013_4802-DEC-2013
9089,Bhadra,2013,48,01-DEC-2013,65.73,2153.29,210,55,Bhadra_2013_4801-DEC-2013
9173,Bhadra,2013,49,05-DEC-2013,65.75,2153.31,205,55,Bhadra_2013_4905-DEC-2013
9174,Bhadra,2013,49,06-DEC-2013,65.75,2153.31,205,55,Bhadra_2013_4906-DEC-2013
9175,Bhadra,2013,49,03-DEC-2013,65.73,2153.29,205,55,Bhadra_2013_4903-DEC-2013
9176,Bhadra,2013,49,04-DEC-2013,65.75,2153.31,494,55,Bhadra_2013_4904-DEC-2013
9177,Bhadra,2013,49,07-DEC-2013,65.75,2153.31,205,205,Bhadra_2013_4907-DEC-2013
9178,Bhadra,2013,49,08-DEC-2013,65.75,2153.31,205,55,Bhadra_2013_4908-DEC-2013
9179,Bhadra,2013,49,09-DEC-2013,65.75,2153.31,205,55,Bhadra_2013_4909-DEC-2013
9264,Bhadra,2013,50,10-DEC-2013,65.75,2153.31,205,55,Bhadra_2013_5010-DEC-2013
9265,Bhadra,2013,50,11-DEC-2013,65.75,2153.31,205,55,Bhadra_2013_5011-DEC-2013
9266,Bhadra,2013,50,12-DEC-2013,65.75,2153.31,205,55,Bhadra_2013_5012-DEC-2013
9267,Bhadra,2013,50,13-DEC-2013,65.75,2153.31,205,55,Bhadra_2013_5013-DEC-2013
9268,Bhadra,2013,50,14-DEC-2013,65.75,2153.31,205,55,Bhadra_2013_5014-DEC-2013
9269,Bhadra,2013,50,15-DEC-2013,65.75,2153.31,205,55,Bhadra_2013_5015-DEC-2013
9270,Bhadra,2013,50,16-DEC-2013,65.75,2153.31,205,55,Bhadra_2013_5016-DEC-2013
9352,Bhadra,2013,51,17-DEC-2013,65.75,2153.31,205,55,Bhadra_2013_5117-DEC-2013
9353,Bhadra,2013,51,18-DEC-2013,65.78,2153.33,505,55,Bhadra_2013_5118-DEC-2013
9354,Bhadra,2013,51,19-DEC-2013,65.78,2153.33,205,55,Bhadra_2013_5119-DEC-2013
9355,Bhadra,2013,51,20-DEC-2013,65.78,2153.33,255,105,Bhadra_2013_5120-DEC-2013
9356,Bhadra,2013,51,21-DEC-2013,65.78,2153.33,355,205,Bhadra_2013_5121-DEC-2013
9357,Bhadra,2013,51,22-DEC-2013,65.78,2153.33,355,205,Bhadra_2013_5122-DEC-2013
9358,Bhadra,2013,51,23-DEC-2013,65.78,2153.33,355,205,Bhadra_2013_5123-DEC-2013
9444,Bhadra,2013,52,24-DEC-2013,65.78,2153.33,355,205,Bhadra_2013_5224-DEC-2013
9445,Bhadra,2013,52,25-DEC-2013,65.78,2153.33,355,205,Bhadra_2013_5225-DEC-2013
9446,Bhadra,2013,52,26-DEC-2013,65.78,2153.33,355,205,Bhadra_2013_5226-DEC-2013
9447,Bhadra,2013,52,27-DEC-2013,65.78,2153.33,355,150,Bhadra_2013_5227-DEC-2013
9448,Bhadra,2013,52,28-DEC-2013,65.78,2153.33,355,205,Bhadra_2013_5228-DEC-2013
9449,Bhadra,2013,52,29-DEC-2013,654.78,2153.33,355,205,Bhadra_2013_5229-DEC-2013
9450,Bhadra,2013,52,30-DEC-2013,65.78,2153.33,355,205,Bhadra_2013_5230-DEC-2013
9451,Bhadra,2013,52,31-DEC-2013,65.78,2153.33,355,205,Bhadra_2013_5231-DEC-2013
9541,Bhadra,2012,2,,,,,,Bhadra_2012_2
9554,Bhadra,2012,3,,,,,,Bhadra_2012_3
9567,Bhadra,2012,4,,,,,,Bhadra_2012_4
9580,Bhadra,2012,5,,,,,,Bhadra_2012_5
9593,Bhadra,2012,6,,,,,,Bhadra_2012_6
9606,Bhadra,2012,7,,,,,,Bhadra_2012_7
9619,Bhadra,2012,8,,,,,,Bhadra_2012_8
9632,Bhadra,2012,9,,,,,,Bhadra_2012_9
9645,Bhadra,2012,10,,,,,,Bhadra_2012_10
9658,Bhadra,2012,11,,,,,,Bhadra_2012_11
9671,Bhadra,2012,12,,,,,,Bhadra_2012_12
9684,Bhadra,2012,13,,,,,,Bhadra_2012_13
9697,Bhadra,2012,14,,,,,,Bhadra_2012_14
9710,Bhadra,2012,15,,,,,,Bhadra_2012_15
9723,Bhadra,2012,16,,,,,,Bhadra_2012_16
9736,Bhadra,2012,17,,,,,,Bhadra_2012_17
9749,Bhadra,2012,18,,,,,,Bhadra_2012_18
9762,Bhadra,2012,19,,,,,,Bhadra_2012_19
9775,Bhadra,2012,20,,,,,,Bhadra_2012_20
9788,Bhadra,2012,21,,,,,,Bhadra_2012_21
9801,Bhadra,2012,22,31-MAY-2012,22.20,2104.68,66,2410,Bhadra_2012_2231-MAY-2012
9823,Bhadra,2012,23,07-JUN-2012,22.11,2105,111,55,Bhadra_2012_2307-JUN-2012
9824,Bhadra,2012,23,01-JUN-2012,22.17,2105,37,202,Bhadra_2012_2301-JUN-2012
9825,Bhadra,2012,23,02-JUN-2012,22.16,2105,56,150,Bhadra_2012_2302-JUN-2012
9826,Bhadra,2012,23,03-JUN-2012,22.15,2105,67,150,Bhadra_2012_2303-JUN-2012
9827,Bhadra,2012,23,08-JUN-2012,22.11,2105,111,55,Bhadra_2012_2308-JUN-2012
9828,Bhadra,2012,23,10-JUN-2012,22.15,2105,262,55,Bhadra_2012_2310-JUN-2012
9829,Bhadra,2012,23,09-JUN-2012,22.14,2104.58,401,55,Bhadra_2012_2309-JUN-2012
9830,Bhadra,2012,23,04-JUN-2012,22.14,2105,56,150,Bhadra_2012_2304-JUN-2012
9831,Bhadra,2012,23,05-JUN-2012,22.12,2105,67,150,Bhadra_2012_2305-JUN-2012
9832,Bhadra,2012,23,06-JUN-2012,22.11,2105,56,150,Bhadra_2012_2306-JUN-2012
9949,Bhadra,2012,24,11-JUN-2012,22.15,2105,111,55,Bhadra_2012_2411-JUN-2012
9950,Bhadra,2012,24,15-JUN-2012,22.16,2105,111,55,Bhadra_2012_2415-JUN-2012
9951,Bhadra,2012,24,17-JUN-2012,22.16,2105,111,55,Bhadra_2012_2417-JUN-2012
9952,Bhadra,2012,24,16-JUN-2012,22.16,2105,111,55,Bhadra_2012_2416-JUN-2012
9953,Bhadra,2012,24,12-JUN-2012,22.16,2105,250,55,Bhadra_2012_2412-JUN-2012
9954,Bhadra,2012,24,13-JUN-2012,22.16,2105,111,55,Bhadra_2012_2413-JUN-2012
10029,Bhadra,2012,25,20-JUN-2012,22.26,2104.79,490,55,Bhadra_2012_2520-JUN-2012
10030,Bhadra,2012,25,21-JUN-2012,22.29,2104.83,401,55,Bhadra_2012_2521-JUN-2012
10031,Bhadra,2012,25,22-JUN-2012,22.34,2104.91,679,55,Bhadra_2012_2522-JUN-2012
10032,Bhadra,2012,25,18-JUN-2012,22.16,2104.62,111,55,Bhadra_2012_2518-JUN-2012
10033,Bhadra,2012,25,23-JUN-2012,22.39,2105,690,55,Bhadra_2012_2523-JUN-2012
10034,Bhadra,2012,25,24-JUN-2012,22.41,2105.04,401,55,Bhadra_2012_2524-JUN-2012
10035,Bhadra,2012,25,25-JUN-2012,22.44,2105.08,413,55,Bhadra_2012_2525-JUN-2012
10036,Bhadra,2012,25,19-JUN-2012,22.21,2104.70,670,55,Bhadra_2012_2519-JUN-2012
10124,Bhadra,2012,26,30-JUN-2012,22.74,2105.58,1281,55,Bhadra_2012_2630-JUN-2012
10125,Bhadra,2012,26,29-JUN-2012,22.64,2105.41,703,55,Bhadra_2012_2629-JUN-2012
10126,Bhadra,2012,26,28-JUN-2012,22.59,2105.33,991,55,Bhadra_2012_2628-JUN-2012
10127,Bhadra,2012,26,27-JUN-2012,22.51,2105.20,401,55,Bhadra_2012_2627-JUN-2012
10128,Bhadra,2012,26,26-JUN-2012,22.49,2105.16,702,55,Bhadra_2012_2626-JUN-2012
10129,Bhadra,2012,26,01-JUL-2012,22.89,2105.83,1883,55,Bhadra_2012_2601-JUL-2012
10203,Bhadra,2012,27,02-JUL-2012,23.02,2106.04,1581,55,Bhadra_2012_2702-JUL-2012
10204,Bhadra,2012,27,03-JUL-2012,23.43,2106.70,4891,55,Bhadra_2012_2703-JUL-2012
10205,Bhadra,2012,27,04-JUL-2012,24.06,2107.70,7381,55,Bhadra_2012_2704-JUL-2012
10206,Bhadra,2012,27,05-JUL-2012,24.49,2108.37,5032,55,Bhadra_2012_2705-JUL-2012
10207,Bhadra,2012,27,06-JUL-2012,24.89,2109,4767,55,Bhadra_2012_2706-JUL-2012
10208,Bhadra,2012,27,07-JUL-2012,25.13,2109.37,2962,55,Bhadra_2012_2707-JUL-2012
10209,Bhadra,2012,27,08-JUL-2012,25.29,2109.62,2001,55,Bhadra_2012_2708-JUL-2012
10294,Bhadra,2012,28,11-JUL-2012,25.74,2110.29,2037,55,Bhadra_2012_2811-JUL-2012
10295,Bhadra,2012,28,09-JUL-2012,25.41,2111.79,1388,55,Bhadra_2012_2809-JUL-2012
10296,Bhadra,2012,28,10-JUL-2012,25.57,2110.04,2013,55,Bhadra_2012_2810-JUL-2012
10297,Bhadra,2012,28,15-JUL-2012,26.24,2111.04,1401,55,Bhadra_2012_2815-JUL-2012
10298,Bhadra,2012,28,14-JUL-2012,26.13,2110.87,1725,55,Bhadra_2012_2814-JUL-2012
10299,Bhadra,2012,28,13-JUL-2012,25.99,2110.66,1725,55,Bhadra_2012_2813-JUL-2012
10300,Bhadra,2012,28,12-JUL-2012,25.85,2110.45,1400,55,Bhadra_2012_2812-JUL-2012
10385,Bhadra,2012,29,19-JUL-2012,26.69,2111.70,1425,55,Bhadra_2012_2919-JUL-2012
10386,Bhadra,2012,29,18-JUL-2012,26.58,2111.54,1425,55,Bhadra_2012_2918-JUL-2012
10387,Bhadra,2012,29,17-JUL-2012,26.46,2111.37,1424,55,Bhadra_2012_2917-JUL-2012
10388,Bhadra,2012,29,16-JUL-2012,26.35,2111.20,1424,55,Bhadra_2012_2916-JUL-2012
10389,Bhadra,2012,29,20-JUL-2012,26.88,2111.91,1761,55,Bhadra_2012_2920-JUL-2012
10390,Bhadra,2012,29,21-JUL-2012,26.94,2112.08,1733,363,Bhadra_2012_2921-JUL-2012
10391,Bhadra,2012,29,22-JUL-2012,27.40,2112.70,6322,935,Bhadra_2012_2922-JUL-2012
10476,Bhadra,2012,30,23-JUL-2012,28.28,2114,11478,1310,Bhadra_2012_3023-JUL-2012
10477,Bhadra,2012,30,24-JUL-2012,28.81,2114.75,8930,2673,Bhadra_2012_3024-JUL-2012
10478,Bhadra,2012,30,25-JUL-2012,29,2115.02,5373,3085,Bhadra_2012_3025-JUL-2012
10479,Bhadra,2012,30,26-JUL-2012,29.10,2115.14,4204,3085,Bhadra_2012_3026-JUL-2012
10480,Bhadra,2012,30,28-JUL-2012,31.39,2118.25,25097,3085,Bhadra_2012_3028-JUL-2012
10481,Bhadra,2012,30,29-JUL-2012,32.24,2119.87,13085,0,Bhadra_2012_3029-JUL-2012
10482,Bhadra,2012,30,27-JUL-2012,29.49,2115.68,7689,3085,Bhadra_2012_3027-JUL-2012
10567,Bhadra,2012,31,31-JUL-2012,32.82,2120.12,5031,3085,Bhadra_2012_3131-JUL-2012
10568,Bhadra,2012,31,01-AUG-2012,32.89,2120.20,3908,3085,Bhadra_2012_3101-AUG-2012
10569,Bhadra,2012,31,30-JUL-2012,32.66,2119.91,7982,0,Bhadra_2012_3130-JUL-2012
10570,Bhadra,2012,31,02-AUG-2012,32.92,2120.25,3526,3085,Bhadra_2012_3102-AUG-2012
10571,Bhadra,2012,31,03-AUG-2012,32.92,2120.25,3156,3085,Bhadra_2012_3103-AUG-2012
10572,Bhadra,2012,31,04-AUG-2012,33.10,2120.47,5228,3085,Bhadra_2012_3104-AUG-2012
10573,Bhadra,2012,31,05-AUG-2012,33.77,2121.33,10923,3085,Bhadra_2012_3105-AUG-2012
10658,Bhadra,2012,32,06-AUG-2012,34.70,2122.50,13911,0,Bhadra_2012_3206-AUG-2012
10659,Bhadra,2012,32,07-AUG-2012,37.37,2125.75,34122,0,Bhadra_2012_3207-AUG-2012
10660,Bhadra,2012,32,08-AUG-2012,40.71,2129.58,41788,0,Bhadra_2012_3208-AUG-2012
10661,Bhadra,2012,32,09-AUG-2012,41.91,2130.91,16953,0,Bhadra_2012_3209-AUG-2012
10662,Bhadra,2012,32,10-AUG-2012,43.26,2132.37,18416,0,Bhadra_2012_3210-AUG-2012
10663,Bhadra,2012,32,11-AUG-2012,44.64,2133.83,18930,0,Bhadra_2012_3211-AUG-2012
10664,Bhadra,2012,32,12-AUG-2012,46.17,2135.41,20680,0,Bhadra_2012_3212-AUG-2012
10749,Bhadra,2012,33,13-AUG-2012,47.32,2136.58,16283,2905,Bhadra_2012_3313-AUG-2012
10750,Bhadra,2012,33,14-AUG-2012,47.81,2137.08,8930,3085,Bhadra_2012_3314-AUG-2012
10751,Bhadra,2012,33,15-AUG-2012,48.07,2137.33,6083,3178,Bhadra_2012_3315-AUG-2012
10752,Bhadra,2012,33,16-AUG-2012,48.19,2137.46,4636,3178,Bhadra_2012_3316-AUG-2012
10753,Bhadra,2012,33,17-AUG-2012,48.23,2137.50,3664,3085,Bhadra_2012_3317-AUG-2012
10754,Bhadra,2012,33,18-AUG-2012,48.27,2137.54,3653,3085,Bhadra_2012_3318-AUG-2012
10755,Bhadra,2012,33,19-AUG-2012,48.36,2137.62,40151,3085,Bhadra_2012_3319-AUG-2012
10840,Bhadra,2012,34,20-AUG-2012,48.57,2137.83,5157,2727,Bhadra_2012_3420-AUG-2012
10841,Bhadra,2012,34,21-AUG-2012,48.61,2137.87,3473,2905,Bhadra_2012_3421-AUG-2012
10842,Bhadra,2012,34,22-AUG-2012,48.57,2134.83,2667,3048,Bhadra_2012_3422-AUG-2012
10843,Bhadra,2012,34,23-AUG-2012,48.53,2137.79,2692,3179,Bhadra_2012_3423-AUG-2012
10844,Bhadra,2012,34,24-AUG-2012,48.48,2137.75,2692,3179,Bhadra_2012_3424-AUG-2012
10845,Bhadra,2012,34,25-AUG-2012,48.42,2137.68,2302,2837,Bhadra_2012_3425-AUG-2012
10846,Bhadra,2012,34,26-AUG-2012,48.40,2137.66,2605,2805,Bhadra_2012_3426-AUG-2012
10925,Bhadra,2012,35,27-AUG-2012,48.40,2137.66,2605,2805,Bhadra_2012_3527-AUG-2012
10926,Bhadra,2012,35,28-AUG-2012,49.50,2138.75,7066,1080,Bhadra_2012_3528-AUG-2012
10927,Bhadra,2012,35,29-AUG-2012,50.01,2139.25,7138,1105,Bhadra_2012_3529-AUG-2012
10928,Bhadra,2012,35,30-AUG-2012,50.79,2140,10609,1555,Bhadra_2012_3530-AUG-2012
10929,Bhadra,2012,35,31-AUG-2012,51.31,2140.50,7693,1555,Bhadra_2012_3531-AUG-2012
10930,Bhadra,2012,35,01-SEP-2012,51.31,2140.50,7693,1555,Bhadra_2012_3501-SEP-2012
10931,Bhadra,2012,35,02-SEP-2012,53.20,2142.29,14981,3187,Bhadra_2012_3502-SEP-2012
11016,Bhadra,2012,36,03-SEP-2012,53.87,2142.91,10943,3085,Bhadra_2012_3603-SEP-2012
11017,Bhadra,2012,36,04-SEP-2012,54.60,2143.58,11467,2995,Bhadra_2012_3604-SEP-2012
11018,Bhadra,2012,36,05-SEP-2012,55.41,2144.33,11541,1968,Bhadra_2012_3605-SEP-2012
11019,Bhadra,2012,36,06-SEP-2012,56.15,2145,10870,2280,Bhadra_2012_3606-SEP-2012
11020,Bhadra,2012,36,07-SEP-2012,56.52,2145.33,7294,2905,Bhadra_2012_3607-SEP-2012
11021,Bhadra,2012,36,08-SEP-2012,56.79,2145.58,6117,2793,Bhadra_2012_3608-SEP-2012
11022,Bhadra,2012,36,09-SEP-2012,57,2145.77,5404,2890,Bhadra_2012_3609-SEP-2012
11107,Bhadra,2012,37,10-SEP-2012,57.16,2145.91,4917,2935,Bhadra_2012_3710-SEP-2012
11108,Bhadra,2012,37,11-SEP-2012,57.30,2146.04,4663,2905,Bhadra_2012_3711-SEP-2012
11109,Bhadra,2012,37,12-SEP-2012,57.40,2146.13,4119,2935,Bhadra_2012_3712-SEP-2012
11110,Bhadra,2012,37,13-SEP-2012,57.61,2146.31,5635,3085,Bhadra_2012_3713-SEP-2012
11111,Bhadra,2012,37,14-SEP-2012,57.77,2146.45,5091,3085,Bhadra_2012_3714-SEP-2012
11112,Bhadra,2012,37,15-SEP-2012,57.82,2146.50,3725,3085,Bhadra_2012_3715-SEP-2012
11113,Bhadra,2012,37,16-SEP-2012,57.82,2146.50,3193,3085,Bhadra_2012_3716-SEP-2012
11198,Bhadra,2012,38,17-SEP-2012,57.73,2146.41,2649,3085,Bhadra_2012_3817-SEP-2012
11199,Bhadra,2012,38,18-SEP-2012,57.66,2146.35,2383,3085,Bhadra_2012_3818-SEP-2012
11200,Bhadra,2012,38,19-SEP-2012,57.66,2146.35,2383,3085,Bhadra_2012_3819-SEP-2012
11201,Bhadra,2012,38,20-SEP-2012,57.59,2146.29,2383,3085,Bhadra_2012_3820-SEP-2012
11202,Bhadra,2012,38,21-SEP-2012,57.49,2146.20,2105,3085,Bhadra_2012_3821-SEP-2012
11203,Bhadra,2012,38,22-SEP-2012,57.37,2146.10,1839,3085,Bhadra_2012_3822-SEP-2012
11204,Bhadra,2012,38,23-SEP-2012,57.26,2146,1838,3085,Bhadra_2012_3823-SEP-2012
11283,Bhadra,2012,39,24-SEP-2012,57.07,2145.83,1051,3085,Bhadra_2012_3924-SEP-2012
11284,Bhadra,2012,39,25-SEP-2012,56.89,2145.67,1051,3085,Bhadra_2012_3925-SEP-2012
11285,Bhadra,2012,39,26-SEP-2012,56.70,2145.50,1039,3085,Bhadra_2012_3926-SEP-2012
11286,Bhadra,2012,39,27-SEP-2012,56.49,2145.31,784,3085,Bhadra_2012_3927-SEP-2012
11287,Bhadra,2012,39,28-SEP-2012,56.29,2145.12,784,3085,Bhadra_2012_3928-SEP-2012
11288,Bhadra,2012,39,29-SEP-2012,56.12,2144.97,1316,3085,Bhadra_2012_3929-SEP-2012
11289,Bhadra,2012,39,30-SEP-2012,55.96,2144.83,1339,3085,Bhadra_2012_3930-SEP-2012
11374,Bhadra,2012,40,01-OCT-2012,55.87,2144.75,2012,2971,Bhadra_2012_4001-OCT-2012
11375,Bhadra,2012,40,02-OCT-2012,55.78,2144.66,1630,2547,Bhadra_2012_4002-OCT-2012
11376,Bhadra,2012,40,03-OCT-2012,55.69,2144.58,1452,2380,Bhadra_2012_4003-OCT-2012
11377,Bhadra,2012,40,04-OCT-2012,55.60,2144.50,1808,2736,Bhadra_2012_4004-OCT-2012
11378,Bhadra,2012,40,05-OCT-2012,55.46,2144.37,1581,3030,Bhadra_2012_4005-OCT-2012
11379,Bhadra,2012,40,06-OCT-2012,55.28,2144.20,1048,3030,Bhadra_2012_4006-OCT-2012
11380,Bhadra,2012,40,07-OCT-2012,55.28,2144.20,1048,3030,Bhadra_2012_4007-OCT-2012
11465,Bhadra,2012,41,09-OCT-2012,54.60,2143.58,604,3085,Bhadra_2012_4109-OCT-2012
11466,Bhadra,2012,41,10-OCT-2012,54.37,2143.37,592,3085,Bhadra_2012_4110-OCT-2012
11467,Bhadra,2012,41,11-OCT-2012,54.12,2143.14,337,3085,Bhadra_2012_4111-OCT-2012
11468,Bhadra,2012,41,12-OCT-2012,53.87,2142.91,360,3085,Bhadra_2012_4112-OCT-2012
11469,Bhadra,2012,41,13-OCT-2012,53.63,2142.68,371,3085,Bhadra_2012_4113-OCT-2012
11470,Bhadra,2012,41,14-OCT-2012,53.38,2142.45,371,3085,Bhadra_2012_4114-OCT-2012
11471,Bhadra,2012,41,08-OCT-2012,54.82,2143.79,605,3085,Bhadra_2012_4108-OCT-2012
11556,Bhadra,2012,42,15-OCT-2012,53.11,2142.21,116,3085,Bhadra_2012_4215-OCT-2012
11557,Bhadra,2012,42,16-OCT-2012,52.85,2141.96,127,3085,Bhadra_2012_4216-OCT-2012
11558,Bhadra,2012,42,17-OCT-2012,52.58,2141.70,150,3085,Bhadra_2012_4217-OCT-2012
11559,Bhadra,2012,42,18-OCT-2012,52.32,2141.45,149,3085,Bhadra_2012_4218-OCT-2012
11560,Bhadra,2012,42,19-OCT-2012,52.05,2141.20,160,3085,Bhadra_2012_4219-OCT-2012
11561,Bhadra,2012,42,20-OCT-2012,51.79,2140.95,148,3085,Bhadra_2012_4220-OCT-2012
11562,Bhadra,2012,42,21-OCT-2012,51.53,2140.70,194,3085,Bhadra_2012_4221-OCT-2012
11647,Bhadra,2012,43,22-OCT-2012,51.26,2140.45,193,3085,Bhadra_2012_4322-OCT-2012
11648,Bhadra,2012,43,23-OCT-2012,51,2140.20,193,3085,Bhadra_2012_4323-OCT-2012
11649,Bhadra,2012,43,24-OCT-2012,50.74,2139.95,193,3085,Bhadra_2012_4324-OCT-2012
11650,Bhadra,2012,43,25-OCT-2012,50.48,2139.71,227,3085,Bhadra_2012_4325-OCT-2012
11651,Bhadra,2012,43,26-OCT-2012,50.23,2139.45,227,3085,Bhadra_2012_4326-OCT-2012
11652,Bhadra,2012,43,27-OCT-2012,49.97,2139.21,227,3085,Bhadra_2012_4327-OCT-2012
11653,Bhadra,2012,43,28-OCT-2012,49.70,2138.95,238,3085,Bhadra_2012_4328-OCT-2012
11738,Bhadra,2012,44,29-OCT-2012,49.46,2138.71,260,3085,Bhadra_2012_4429-OCT-2012
11739,Bhadra,2012,44,30-OCT-2012,49.20,2138.45,272,3085,Bhadra_2012_4430-OCT-2012
11740,Bhadra,2012,44,31-OCT-2012,48.95,2138,260,3085,Bhadra_2012_4431-OCT-2012
11741,Bhadra,2012,44,01-NOV-2012,48.78,2138.04,1243,3085,Bhadra_2012_4401-NOV-2012
11742,Bhadra,2012,44,02-NOV-2012,49.16,2138.42,5494,943,Bhadra_2012_4402-NOV-2012
11743,Bhadra,2012,44,03-NOV-2012,49.54,2138.79,4809,255,Bhadra_2012_4403-NOV-2012
11744,Bhadra,2012,44,04-NOV-2012,49.71,2138.95,2354,255,Bhadra_2012_4404-NOV-2012
11829,Bhadra,2012,45,11-NOV-2012,49.52,2138.77,738,1593,Bhadra_2012_4511-NOV-2012
11830,Bhadra,2012,45,05-NOV-2012,49.82,2139.06,1625,255,Bhadra_2012_4505-NOV-2012
11831,Bhadra,2012,45,06-NOV-2012,49.93,2139.16,2250,880,Bhadra_2012_4506-NOV-2012
11832,Bhadra,2012,45,07-NOV-2012,49.80,2139.04,1344,2705,Bhadra_2012_4507-NOV-2012
11833,Bhadra,2012,45,08-NOV-2012,49.63,2138.87,1224,3060,Bhadra_2012_4508-NOV-2012
11834,Bhadra,2012,45,09-NOV-2012,49.58,2138.83,1613,1980,Bhadra_2012_4509-NOV-2012
11835,Bhadra,2012,45,10-NOV-2012,49.61,2138.85,1291,905,Bhadra_2012_4510-NOV-2012
11920,Bhadra,2012,46,13-NOV-2012,49.16,2138.41,968,2805,Bhadra_2012_4613-NOV-2012
11921,Bhadra,2012,46,14-NOV-2012,48.97,2138.22,725,2805,Bhadra_2012_4614-NOV-2012
11922,Bhadra,2012,46,15-NOV-2012,48.76,2138.02,691,3015,Bhadra_2012_4615-NOV-2012
11923,Bhadra,2012,46,16-NOV-2012,48.48,2137.75,66,3085,Bhadra_2012_4616-NOV-2012
11924,Bhadra,2012,46,17-NOV-2012,48.23,2137.50,390,3085,Bhadra_2012_4617-NOV-2012
11925,Bhadra,2012,46,18-NOV-2012,47.98,2137.25,297,3085,Bhadra_2012_4618-NOV-2012
11926,Bhadra,2012,46,12-NOV-2012,49.33,2138.58,488,2568,Bhadra_2012_4612-NOV-2012
12011,Bhadra,2012,47,19-NOV-2012,47.71,2137.97,65,3085,Bhadra_2012_4719-NOV-2012
12012,Bhadra,2012,47,20-NOV-2012,47.44,2136.71,111,3085,Bhadra_2012_4720-NOV-2012
12013,Bhadra,2012,47,21-NOV-2012,47.23,2136.50,72,2341,Bhadra_2012_4721-NOV-2012
12014,Bhadra,2012,47,22-NOV-2012,47.23,2136.50,182,55,Bhadra_2012_4722-NOV-2012
12015,Bhadra,2012,47,23-NOV-2012,47.23,2136.50,182,55,Bhadra_2012_4723-NOV-2012
12016,Bhadra,2012,47,24-NOV-2012,47.23,2136.50,182,55,Bhadra_2012_4724-NOV-2012
12017,Bhadra,2012,47,25-NOV-2012,47.23,2136.50,182,55,Bhadra_2012_4725-NOV-2012
12102,Bhadra,2012,48,26-NOV-2012,47.23,2136.50,182,55,Bhadra_2012_4826-NOV-2012
12103,Bhadra,2012,48,27-NOV-2012,47.23,2136.50,182,55,Bhadra_2012_4827-NOV-2012
12104,Bhadra,2012,48,28-NOV-2012,47.23,2136.50,182,55,Bhadra_2012_4828-NOV-2012
12105,Bhadra,2012,48,29-NOV-2012,47.23,2136.50,182,55,Bhadra_2012_4829-NOV-2012
12106,Bhadra,2012,48,30-NOV-2012,47.23,2136.50,182,55,Bhadra_2012_4830-NOV-2012
12107,Bhadra,2012,48,01-DEC-2012,47.23,2136.50,182,55,Bhadra_2012_4801-DEC-2012
12108,Bhadra,2012,48,02-DEC-2012,47.23,2136.50,182,55,Bhadra_2012_4802-DEC-2012
12193,Bhadra,2012,49,03-DEC-2012,47.23,2136.50,178,55,Bhadra_2012_4903-DEC-2012
12194,Bhadra,2012,49,04-DEC-2012,47.23,2136.50,178,55,Bhadra_2012_4904-DEC-2012
12195,Bhadra,2012,49,05-DEC-2012,47.23,2136.50,178,55,Bhadra_2012_4905-DEC-2012
12196,Bhadra,2012,49,06-DEC-2012,47.23,2136.50,178,55,Bhadra_2012_4906-DEC-2012
12197,Bhadra,2012,49,07-DEC-2012,47.23,2136.50,178,55,Bhadra_2012_4907-DEC-2012
12198,Bhadra,2012,49,08-DEC-2012,47.23,2136.50,178,55,Bhadra_2012_4908-DEC-2012
12199,Bhadra,2012,49,09-DEC-2012,47.23,2136.50,178,55,Bhadra_2012_4909-DEC-2012
12284,Bhadra,2012,50,10-DEC-2012,47.24,2136.50,178,55,Bhadra_2012_5010-DEC-2012
12285,Bhadra,2012,50,11-DEC-2012,47.23,2136.50,178,55,Bhadra_2012_5011-DEC-2012
12286,Bhadra,2012,50,12-DEC-2012,47.23,2136.50,178,55,Bhadra_2012_5012-DEC-2012
12287,Bhadra,2012,50,13-DEC-2012,47.23,2136.50,178,55,Bhadra_2012_5013-DEC-2012
12288,Bhadra,2012,50,14-DEC-2012,47.23,2136.50,178,55,Bhadra_2012_5014-DEC-2012
12289,Bhadra,2012,50,15-DEC-2012,47.23,2136.50,178,55,Bhadra_2012_5015-DEC-2012
12290,Bhadra,2012,50,16-DEC-2012,47.23,2136.50,178,55,Bhadra_2012_5016-DEC-2012
12375,Bhadra,2012,51,17-DEC-2012,47.23,2136.50,178,55,Bhadra_2012_5117-DEC-2012
12376,Bhadra,2012,51,18-DEC-2012,47.23,2136.50,178,55,Bhadra_2012_5118-DEC-2012
12377,Bhadra,2012,51,19-DEC-2012,47.23,2136.50,178,55,Bhadra_2012_5119-DEC-2012
12378,Bhadra,2012,51,20-DEC-2012,47.23,2136.50,178,55,Bhadra_2012_5120-DEC-2012
12379,Bhadra,2012,51,21-DEC-2012,47.23,2136.50,178,55,Bhadra_2012_5121-DEC-2012
12380,Bhadra,2012,51,22-DEC-2012,47.23,2136.50,178,55,Bhadra_2012_5122-DEC-2012
12381,Bhadra,2012,51,23-DEC-2012,47.23,2136.50,178,55,Bhadra_2012_5123-DEC-2012
12467,Bhadra,2012,52,29-DEC-2012,47.23,2136.50,178,55,Bhadra_2012_5229-DEC-2012
12468,Bhadra,2012,52,30-DEC-2012,47.23,2136.50,178,55,Bhadra_2012_5230-DEC-2012
12469,Bhadra,2012,52,31-DEC-2012,47.23,2136.50,178,55,Bhadra_2012_5231-DEC-2012
12470,Bhadra,2012,52,24-DEC-2012,47.23,2136.50,178,55,Bhadra_2012_5224-DEC-2012
12471,Bhadra,2012,52,25-DEC-2012,47.23,2136.50,178,55,Bhadra_2012_5225-DEC-2012
12472,Bhadra,2012,52,26-DEC-2012,47.23,2136.50,178,55,Bhadra_2012_5226-DEC-2012
12473,Bhadra,2012,52,27-DEC-2012,47.23,2136.50,178,55,Bhadra_2012_5227-DEC-2012
12474,Bhadra,2012,52,28-DEC-2012,47.23,2136.50,178,55,Bhadra_2012_5228-DEC-2012
12564,Bhadra,2010,1,,,,,,Bhadra_2010_1
12577,Bhadra,2010,2,,,,,,Bhadra_2010_2
12590,Bhadra,2010,3,,,,,,Bhadra_2010_3
12603,Bhadra,2010,4,,,,,,Bhadra_2010_4
12616,Bhadra,2010,5,,,,,,Bhadra_2010_5
12629,Bhadra,2010,6,,,,,,Bhadra_2010_6
12642,Bhadra,2010,7,,,,,,Bhadra_2010_7
12655,Bhadra,2010,8,,,,,,Bhadra_2010_8
12668,Bhadra,2010,9,,,,,,Bhadra_2010_9
12681,Bhadra,2010,10,,,,,,Bhadra_2010_10
12694,Bhadra,2010,11,,,,,,Bhadra_2010_11
12707,Bhadra,2010,12,,,,,,Bhadra_2010_12
12720,Bhadra,2010,13,,,,,,Bhadra_2010_13
12733,Bhadra,2010,14,,,,,,Bhadra_2010_14
12746,Bhadra,2010,15,,,,,,Bhadra_2010_15
12759,Bhadra,2010,16,,,,,,Bhadra_2010_16
12772,Bhadra,2010,17,,,,,,Bhadra_2010_17
12785,Bhadra,2010,18,,,,,,Bhadra_2010_18
12798,Bhadra,2010,19,,,,,,Bhadra_2010_19
12811,Bhadra,2010,20,,,,,,Bhadra_2010_20
12824,Bhadra,2010,21,,,,,,Bhadra_2010_21
12837,Bhadra,2010,22,,,,,,Bhadra_2010_22
12850,Bhadra,2010,23,,,,,,Bhadra_2010_23
12863,Bhadra,2010,24,,,,,,Bhadra_2010_24
12876,Bhadra,2010,25,,,,,,Bhadra_2010_25
12889,Bhadra,2010,26,,,,,,Bhadra_2010_26
12902,Bhadra,2010,27,,,,,,Bhadra_2010_27
12915,Bhadra,2010,28,,,,,,Bhadra_2010_28
12928,Bhadra,2010,29,,,,,,Bhadra_2010_29
12941,Bhadra,2010,30,,,,,,Bhadra_2010_30
12954,Bhadra,2010,31,,,,,,Bhadra_2010_31
12967,Bhadra,2010,32,,,,,,Bhadra_2010_32
12980,Bhadra,2010,33,,,,,,Bhadra_2010_33
12993,Bhadra,2010,34,,,,,,Bhadra_2010_34
13006,Bhadra,2010,35,,,,,,Bhadra_2010_35
13019,Bhadra,2010,36,,,,,,Bhadra_2010_36
13032,Bhadra,2010,37,,,,,,Bhadra_2010_37
13045,Bhadra,2010,38,,,,,,Bhadra_2010_38
13058,Bhadra,2010,39,30-SEP-2010,70.49,2157.16,1990,3085,Bhadra_2010_3930-SEP-2010
13071,Bhadra,2010,40,,,,,,Bhadra_2010_40
13084,Bhadra,2010,41,,,,,,Bhadra_2010_41
13097,Bhadra,2010,42,,,,,,Bhadra_2010_42
13110,Bhadra,2010,43,,,,,,Bhadra_2010_43
13123,Bhadra,2010,44,,,,,,Bhadra_2010_44
13136,Bhadra,2010,45,,,,,,Bhadra_2010_45
13149,Bhadra,2010,46,,,,,,Bhadra_2010_46
13162,Bhadra,2010,47,,,,,,Bhadra_2010_47
13175,Bhadra,2010,48,,,,,,Bhadra_2010_48
13188,Bhadra,2010,49,,,,,,Bhadra_2010_49
13201,Bhadra,2010,50,,,,,,Bhadra_2010_50
13214,Bhadra,2010,51,,,,,,Bhadra_2010_51
13227,Bhadra,2010,52,31-DEC-2010,70.44,2157.12,2604,3085,Bhadra_2010_5231-DEC-2010
13246,Bhadra,2014,25,18-JUN-2014,22.29,2104.83,2137,55,Bhadra_2014_2518-JUN-2014
13247,Bhadra,2014,25,19-JUN-2014,22.49,2105.16,2438,55,Bhadra_2014_2519-JUN-2014
13248,Bhadra,2014,25,20-JUN-2014,23.05,2106.08,6582,55,Bhadra_2014_2520-JUN-2014
13249,Bhadra,2014,25,21-JUN-2014,23.72,2107.16,7903,55,Bhadra_2014_2521-JUN-2014
13250,Bhadra,2014,25,22-JUN-2014,24.25,2108,6203,115,Bhadra_2014_2522-JUN-2014
13251,Bhadra,2014,25,23-JUN-2014,24.94,2109.08,8195,55,Bhadra_2014_2523-JUN-2014
13252,Bhadra,2014,25,24-JUN-2014,25.43,2109.83,5800,55,Bhadra_2014_2524-JUN-2014
